ISO-10303-21;
HEADER;
/* Generated by software containing ST-Developer
 * from STEP Tools, Inc. (www.steptools.com) 
 */

FILE_DESCRIPTION(
/* description */ (''),
/* implementation_level */ '2;1');

FILE_NAME(
/* name */ 'brokiepad.step',
/* time_stamp */ '2026-09-23T12:06:10+05:00',
/* author */ (''),
/* organization */ (''),
/* preprocessor_version */ 'ST-DEVELOPER v20.2',
/* originating_system */ 'Autodesk Translation Framework v15.15.0.0',
/* authorisation */ '');

FILE_SCHEMA (('AUTOMOTIVE_DESIGN { 1 0 10303 214 3 1 1 }'));
ENDSEC;

DATA;
#10=MECHANICAL_DESIGN_GEOMETRIC_PRESENTATION_REPRESENTATION('',(#17,#18),
#3264);
#11=SHAPE_REPRESENTATION_RELATIONSHIP('SRR','None',#3271,#12);
#12=ADVANCED_BREP_SHAPE_REPRESENTATION('',(#19,#20),#3263);
#13=CONICAL_SURFACE('',#2135,0.63225,1.02974425867665);
#14=CONICAL_SURFACE('',#2142,0.63225,1.02974425867665);
#15=CONICAL_SURFACE('',#2149,0.63225,1.02974425867665);
#16=CONICAL_SURFACE('',#2156,0.63225,1.02974425867665);
#17=STYLED_ITEM('',(#3281),#19);
#18=STYLED_ITEM('',(#3281),#20);
#19=MANIFOLD_SOLID_BREP('top',#1979);
#20=MANIFOLD_SOLID_BREP('bottom',#1980);
#21=LINE('',#2716,#225);
#22=LINE('',#2719,#226);
#23=LINE('',#2729,#227);
#24=LINE('',#2732,#228);
#25=LINE('',#2742,#229);
#26=LINE('',#2745,#230);
#27=LINE('',#2755,#231);
#28=LINE('',#2758,#232);
#29=LINE('',#2765,#233);
#30=LINE('',#2768,#234);
#31=LINE('',#2771,#235);
#32=LINE('',#2773,#236);
#33=LINE('',#2774,#237);
#34=LINE('',#2777,#238);
#35=LINE('',#2781,#239);
#36=LINE('',#2785,#240);
#37=LINE('',#2789,#241);
#38=LINE('',#2791,#242);
#39=LINE('',#2793,#243);
#40=LINE('',#2794,#244);
#41=LINE('',#2797,#245);
#42=LINE('',#2799,#246);
#43=LINE('',#2801,#247);
#44=LINE('',#2802,#248);
#45=LINE('',#2805,#249);
#46=LINE('',#2807,#250);
#47=LINE('',#2809,#251);
#48=LINE('',#2810,#252);
#49=LINE('',#2813,#253);
#50=LINE('',#2815,#254);
#51=LINE('',#2817,#255);
#52=LINE('',#2818,#256);
#53=LINE('',#2821,#257);
#54=LINE('',#2823,#258);
#55=LINE('',#2825,#259);
#56=LINE('',#2826,#260);
#57=LINE('',#2829,#261);
#58=LINE('',#2831,#262);
#59=LINE('',#2833,#263);
#60=LINE('',#2834,#264);
#61=LINE('',#2837,#265);
#62=LINE('',#2839,#266);
#63=LINE('',#2841,#267);
#64=LINE('',#2842,#268);
#65=LINE('',#2845,#269);
#66=LINE('',#2847,#270);
#67=LINE('',#2849,#271);
#68=LINE('',#2850,#272);
#69=LINE('',#2853,#273);
#70=LINE('',#2855,#274);
#71=LINE('',#2857,#275);
#72=LINE('',#2858,#276);
#73=LINE('',#2861,#277);
#74=LINE('',#2863,#278);
#75=LINE('',#2865,#279);
#76=LINE('',#2866,#280);
#77=LINE('',#2871,#281);
#78=LINE('',#2872,#282);
#79=LINE('',#2875,#283);
#80=LINE('',#2876,#284);
#81=LINE('',#2878,#285);
#82=LINE('',#2882,#286);
#83=LINE('',#2885,#287);
#84=LINE('',#2886,#288);
#85=LINE('',#2891,#289);
#86=LINE('',#2893,#290);
#87=LINE('',#2895,#291);
#88=LINE('',#2896,#292);
#89=LINE('',#2899,#293);
#90=LINE('',#2901,#294);
#91=LINE('',#2903,#295);
#92=LINE('',#2904,#296);
#93=LINE('',#2907,#297);
#94=LINE('',#2909,#298);
#95=LINE('',#2911,#299);
#96=LINE('',#2912,#300);
#97=LINE('',#2915,#301);
#98=LINE('',#2917,#302);
#99=LINE('',#2919,#303);
#100=LINE('',#2920,#304);
#101=LINE('',#2923,#305);
#102=LINE('',#2925,#306);
#103=LINE('',#2927,#307);
#104=LINE('',#2928,#308);
#105=LINE('',#2931,#309);
#106=LINE('',#2933,#310);
#107=LINE('',#2935,#311);
#108=LINE('',#2936,#312);
#109=LINE('',#2939,#313);
#110=LINE('',#2941,#314);
#111=LINE('',#2943,#315);
#112=LINE('',#2944,#316);
#113=LINE('',#2947,#317);
#114=LINE('',#2949,#318);
#115=LINE('',#2951,#319);
#116=LINE('',#2952,#320);
#117=LINE('',#2955,#321);
#118=LINE('',#2957,#322);
#119=LINE('',#2959,#323);
#120=LINE('',#2960,#324);
#121=LINE('',#2963,#325);
#122=LINE('',#2965,#326);
#123=LINE('',#2967,#327);
#124=LINE('',#2968,#328);
#125=LINE('',#2971,#329);
#126=LINE('',#2972,#330);
#127=LINE('',#2974,#331);
#128=LINE('',#2976,#332);
#129=LINE('',#2979,#333);
#130=LINE('',#2980,#334);
#131=LINE('',#2982,#335);
#132=LINE('',#2984,#336);
#133=LINE('',#2987,#337);
#134=LINE('',#2988,#338);
#135=LINE('',#2990,#339);
#136=LINE('',#2992,#340);
#137=LINE('',#2995,#341);
#138=LINE('',#2996,#342);
#139=LINE('',#2998,#343);
#140=LINE('',#3000,#344);
#141=LINE('',#3003,#345);
#142=LINE('',#3004,#346);
#143=LINE('',#3006,#347);
#144=LINE('',#3008,#348);
#145=LINE('',#3011,#349);
#146=LINE('',#3012,#350);
#147=LINE('',#3014,#351);
#148=LINE('',#3016,#352);
#149=LINE('',#3019,#353);
#150=LINE('',#3020,#354);
#151=LINE('',#3022,#355);
#152=LINE('',#3024,#356);
#153=LINE('',#3027,#357);
#154=LINE('',#3028,#358);
#155=LINE('',#3030,#359);
#156=LINE('',#3032,#360);
#157=LINE('',#3035,#361);
#158=LINE('',#3036,#362);
#159=LINE('',#3038,#363);
#160=LINE('',#3040,#364);
#161=LINE('',#3043,#365);
#162=LINE('',#3044,#366);
#163=LINE('',#3046,#367);
#164=LINE('',#3048,#368);
#165=LINE('',#3055,#369);
#166=LINE('',#3059,#370);
#167=LINE('',#3063,#371);
#168=LINE('',#3066,#372);
#169=LINE('',#3077,#373);
#170=LINE('',#3080,#374);
#171=LINE('',#3083,#375);
#172=LINE('',#3084,#376);
#173=LINE('',#3087,#377);
#174=LINE('',#3091,#378);
#175=LINE('',#3092,#379);
#176=LINE('',#3095,#380);
#177=LINE('',#3099,#381);
#178=LINE('',#3103,#382);
#179=LINE('',#3107,#383);
#180=LINE('',#3113,#384);
#181=LINE('',#3114,#385);
#182=LINE('',#3117,#386);
#183=LINE('',#3118,#387);
#184=LINE('',#3122,#388);
#185=LINE('',#3125,#389);
#186=LINE('',#3126,#390);
#187=LINE('',#3130,#391);
#188=LINE('',#3133,#392);
#189=LINE('',#3134,#393);
#190=LINE('',#3138,#394);
#191=LINE('',#3140,#395);
#192=LINE('',#3143,#396);
#193=LINE('',#3144,#397);
#194=LINE('',#3148,#398);
#195=LINE('',#3151,#399);
#196=LINE('',#3152,#400);
#197=LINE('',#3158,#401);
#198=LINE('',#3160,#402);
#199=LINE('',#3162,#403);
#200=LINE('',#3163,#404);
#201=LINE('',#3169,#405);
#202=LINE('',#3172,#406);
#203=LINE('',#3174,#407);
#204=LINE('',#3175,#408);
#205=LINE('',#3181,#409);
#206=LINE('',#3184,#410);
#207=LINE('',#3186,#411);
#208=LINE('',#3187,#412);
#209=LINE('',#3193,#413);
#210=LINE('',#3196,#414);
#211=LINE('',#3198,#415);
#212=LINE('',#3199,#416);
#213=LINE('',#3209,#417);
#214=LINE('',#3213,#418);
#215=LINE('',#3217,#419);
#216=LINE('',#3223,#420);
#217=LINE('',#3227,#421);
#218=LINE('',#3231,#422);
#219=LINE('',#3237,#423);
#220=LINE('',#3241,#424);
#221=LINE('',#3245,#425);
#222=LINE('',#3251,#426);
#223=LINE('',#3255,#427);
#224=LINE('',#3259,#428);
#225=VECTOR('',#2175,2.);
#226=VECTOR('',#2178,1.6);
#227=VECTOR('',#2191,2.);
#228=VECTOR('',#2194,1.6);
#229=VECTOR('',#2207,2.);
#230=VECTOR('',#2210,1.6);
#231=VECTOR('',#2223,2.);
#232=VECTOR('',#2226,1.6);
#233=VECTOR('',#2233,10.);
#234=VECTOR('',#2236,10.);
#235=VECTOR('',#2239,10.);
#236=VECTOR('',#2240,10.);
#237=VECTOR('',#2241,10.);
#238=VECTOR('',#2244,10.);
#239=VECTOR('',#2247,10.);
#240=VECTOR('',#2250,10.);
#241=VECTOR('',#2253,10.);
#242=VECTOR('',#2254,10.);
#243=VECTOR('',#2255,10.);
#244=VECTOR('',#2256,10.);
#245=VECTOR('',#2257,10.);
#246=VECTOR('',#2258,10.);
#247=VECTOR('',#2259,10.);
#248=VECTOR('',#2260,10.);
#249=VECTOR('',#2261,10.);
#250=VECTOR('',#2262,10.);
#251=VECTOR('',#2263,10.);
#252=VECTOR('',#2264,10.);
#253=VECTOR('',#2265,10.);
#254=VECTOR('',#2266,10.);
#255=VECTOR('',#2267,10.);
#256=VECTOR('',#2268,10.);
#257=VECTOR('',#2269,10.);
#258=VECTOR('',#2270,10.);
#259=VECTOR('',#2271,10.);
#260=VECTOR('',#2272,10.);
#261=VECTOR('',#2273,10.);
#262=VECTOR('',#2274,10.);
#263=VECTOR('',#2275,10.);
#264=VECTOR('',#2276,10.);
#265=VECTOR('',#2277,10.);
#266=VECTOR('',#2278,10.);
#267=VECTOR('',#2279,10.);
#268=VECTOR('',#2280,10.);
#269=VECTOR('',#2281,10.);
#270=VECTOR('',#2282,10.);
#271=VECTOR('',#2283,10.);
#272=VECTOR('',#2284,10.);
#273=VECTOR('',#2285,10.);
#274=VECTOR('',#2286,10.);
#275=VECTOR('',#2287,10.);
#276=VECTOR('',#2288,10.);
#277=VECTOR('',#2289,10.);
#278=VECTOR('',#2290,10.);
#279=VECTOR('',#2291,10.);
#280=VECTOR('',#2292,10.);
#281=VECTOR('',#2297,10.);
#282=VECTOR('',#2298,10.);
#283=VECTOR('',#2301,10.);
#284=VECTOR('',#2302,10.);
#285=VECTOR('',#2305,10.);
#286=VECTOR('',#2310,10.);
#287=VECTOR('',#2313,10.);
#288=VECTOR('',#2314,10.);
#289=VECTOR('',#2319,10.);
#290=VECTOR('',#2320,10.);
#291=VECTOR('',#2321,10.);
#292=VECTOR('',#2322,10.);
#293=VECTOR('',#2323,10.);
#294=VECTOR('',#2324,10.);
#295=VECTOR('',#2325,10.);
#296=VECTOR('',#2326,10.);
#297=VECTOR('',#2327,10.);
#298=VECTOR('',#2328,10.);
#299=VECTOR('',#2329,10.);
#300=VECTOR('',#2330,10.);
#301=VECTOR('',#2331,10.);
#302=VECTOR('',#2332,10.);
#303=VECTOR('',#2333,10.);
#304=VECTOR('',#2334,10.);
#305=VECTOR('',#2335,10.);
#306=VECTOR('',#2336,10.);
#307=VECTOR('',#2337,10.);
#308=VECTOR('',#2338,10.);
#309=VECTOR('',#2339,10.);
#310=VECTOR('',#2340,10.);
#311=VECTOR('',#2341,10.);
#312=VECTOR('',#2342,10.);
#313=VECTOR('',#2343,10.);
#314=VECTOR('',#2344,10.);
#315=VECTOR('',#2345,10.);
#316=VECTOR('',#2346,10.);
#317=VECTOR('',#2347,10.);
#318=VECTOR('',#2348,10.);
#319=VECTOR('',#2349,10.);
#320=VECTOR('',#2350,10.);
#321=VECTOR('',#2351,10.);
#322=VECTOR('',#2352,10.);
#323=VECTOR('',#2353,10.);
#324=VECTOR('',#2354,10.);
#325=VECTOR('',#2355,10.);
#326=VECTOR('',#2356,10.);
#327=VECTOR('',#2357,10.);
#328=VECTOR('',#2358,10.);
#329=VECTOR('',#2363,10.);
#330=VECTOR('',#2364,10.);
#331=VECTOR('',#2367,10.);
#332=VECTOR('',#2370,10.);
#333=VECTOR('',#2375,10.);
#334=VECTOR('',#2376,10.);
#335=VECTOR('',#2379,10.);
#336=VECTOR('',#2382,10.);
#337=VECTOR('',#2387,10.);
#338=VECTOR('',#2388,10.);
#339=VECTOR('',#2391,10.);
#340=VECTOR('',#2394,10.);
#341=VECTOR('',#2399,10.);
#342=VECTOR('',#2400,10.);
#343=VECTOR('',#2403,10.);
#344=VECTOR('',#2406,10.);
#345=VECTOR('',#2411,10.);
#346=VECTOR('',#2412,10.);
#347=VECTOR('',#2415,10.);
#348=VECTOR('',#2418,10.);
#349=VECTOR('',#2423,10.);
#350=VECTOR('',#2424,10.);
#351=VECTOR('',#2427,10.);
#352=VECTOR('',#2430,10.);
#353=VECTOR('',#2435,10.);
#354=VECTOR('',#2436,10.);
#355=VECTOR('',#2439,10.);
#356=VECTOR('',#2442,10.);
#357=VECTOR('',#2447,10.);
#358=VECTOR('',#2448,10.);
#359=VECTOR('',#2451,10.);
#360=VECTOR('',#2454,10.);
#361=VECTOR('',#2459,10.);
#362=VECTOR('',#2460,10.);
#363=VECTOR('',#2463,10.);
#364=VECTOR('',#2466,10.);
#365=VECTOR('',#2471,10.);
#366=VECTOR('',#2472,10.);
#367=VECTOR('',#2475,10.);
#368=VECTOR('',#2478,10.);
#369=VECTOR('',#2485,10.);
#370=VECTOR('',#2488,10.);
#371=VECTOR('',#2491,10.);
#372=VECTOR('',#2494,10.);
#373=VECTOR('',#2505,10.);
#374=VECTOR('',#2508,10.);
#375=VECTOR('',#2511,10.);
#376=VECTOR('',#2512,10.);
#377=VECTOR('',#2515,10.);
#378=VECTOR('',#2520,10.);
#379=VECTOR('',#2521,10.);
#380=VECTOR('',#2522,10.);
#381=VECTOR('',#2525,10.);
#382=VECTOR('',#2528,10.);
#383=VECTOR('',#2531,10.);
#384=VECTOR('',#2538,10.);
#385=VECTOR('',#2539,10.);
#386=VECTOR('',#2542,10.);
#387=VECTOR('',#2543,10.);
#388=VECTOR('',#2548,10.);
#389=VECTOR('',#2551,10.);
#390=VECTOR('',#2552,10.);
#391=VECTOR('',#2557,10.);
#392=VECTOR('',#2560,10.);
#393=VECTOR('',#2561,10.);
#394=VECTOR('',#2566,10.);
#395=VECTOR('',#2569,10.);
#396=VECTOR('',#2572,10.);
#397=VECTOR('',#2573,10.);
#398=VECTOR('',#2578,10.);
#399=VECTOR('',#2581,10.);
#400=VECTOR('',#2582,10.);
#401=VECTOR('',#2589,10.);
#402=VECTOR('',#2590,10.);
#403=VECTOR('',#2591,10.);
#404=VECTOR('',#2592,10.);
#405=VECTOR('',#2599,10.);
#406=VECTOR('',#2602,10.);
#407=VECTOR('',#2603,10.);
#408=VECTOR('',#2604,10.);
#409=VECTOR('',#2611,10.);
#410=VECTOR('',#2614,10.);
#411=VECTOR('',#2615,10.);
#412=VECTOR('',#2616,10.);
#413=VECTOR('',#2623,10.);
#414=VECTOR('',#2626,10.);
#415=VECTOR('',#2627,10.);
#416=VECTOR('',#2628,10.);
#417=VECTOR('',#2643,0.63225);
#418=VECTOR('',#2648,1.2645);
#419=VECTOR('',#2653,2.);
#420=VECTOR('',#2660,0.63225);
#421=VECTOR('',#2665,1.2645);
#422=VECTOR('',#2670,2.);
#423=VECTOR('',#2677,0.63225);
#424=VECTOR('',#2682,1.2645);
#425=VECTOR('',#2687,2.);
#426=VECTOR('',#2694,0.63225);
#427=VECTOR('',#2699,1.2645);
#428=VECTOR('',#2704,2.);
#429=CYLINDRICAL_SURFACE('',#1997,2.);
#430=CYLINDRICAL_SURFACE('',#1999,1.6);
#431=CYLINDRICAL_SURFACE('',#2004,2.);
#432=CYLINDRICAL_SURFACE('',#2006,1.6);
#433=CYLINDRICAL_SURFACE('',#2011,2.);
#434=CYLINDRICAL_SURFACE('',#2013,1.6);
#435=CYLINDRICAL_SURFACE('',#2018,2.);
#436=CYLINDRICAL_SURFACE('',#2020,1.6);
#437=CYLINDRICAL_SURFACE('',#2022,8.00000000001585);
#438=CYLINDRICAL_SURFACE('',#2030,8.00000000001584);
#439=CYLINDRICAL_SURFACE('',#2034,8.00000000001584);
#440=CYLINDRICAL_SURFACE('',#2039,8.00000000001585);
#441=CYLINDRICAL_SURFACE('',#2089,4.);
#442=CYLINDRICAL_SURFACE('',#2092,4.);
#443=CYLINDRICAL_SURFACE('',#2099,2.);
#444=CYLINDRICAL_SURFACE('',#2102,2.);
#445=CYLINDRICAL_SURFACE('',#2105,2.);
#446=CYLINDRICAL_SURFACE('',#2108,2.);
#447=CYLINDRICAL_SURFACE('',#2112,3.99999999999999);
#448=CYLINDRICAL_SURFACE('',#2115,4.);
#449=CYLINDRICAL_SURFACE('',#2118,8.00000000000001);
#450=CYLINDRICAL_SURFACE('',#2122,8.00000000000001);
#451=CYLINDRICAL_SURFACE('',#2126,7.99999999999999);
#452=CYLINDRICAL_SURFACE('',#2130,8.);
#453=CYLINDRICAL_SURFACE('',#2137,1.2645);
#454=CYLINDRICAL_SURFACE('',#2139,2.);
#455=CYLINDRICAL_SURFACE('',#2144,1.2645);
#456=CYLINDRICAL_SURFACE('',#2146,2.);
#457=CYLINDRICAL_SURFACE('',#2151,1.2645);
#458=CYLINDRICAL_SURFACE('',#2153,2.);
#459=CYLINDRICAL_SURFACE('',#2158,1.2645);
#460=CYLINDRICAL_SURFACE('',#2160,2.);
#461=FACE_BOUND('',#610,.T.);
#462=FACE_BOUND('',#614,.T.);
#463=FACE_BOUND('',#618,.T.);
#464=FACE_BOUND('',#622,.T.);
#465=FACE_BOUND('',#628,.T.);
#466=FACE_BOUND('',#629,.T.);
#467=FACE_BOUND('',#630,.T.);
#468=FACE_BOUND('',#631,.T.);
#469=FACE_BOUND('',#632,.T.);
#470=FACE_BOUND('',#633,.T.);
#471=FACE_BOUND('',#634,.T.);
#472=FACE_BOUND('',#635,.T.);
#473=FACE_BOUND('',#636,.T.);
#474=FACE_BOUND('',#637,.T.);
#475=FACE_BOUND('',#638,.T.);
#476=FACE_BOUND('',#639,.T.);
#477=FACE_BOUND('',#640,.T.);
#478=FACE_BOUND('',#641,.T.);
#479=FACE_BOUND('',#648,.T.);
#480=FACE_BOUND('',#649,.T.);
#481=FACE_BOUND('',#650,.T.);
#482=FACE_BOUND('',#651,.T.);
#483=FACE_BOUND('',#652,.T.);
#484=FACE_BOUND('',#653,.T.);
#485=FACE_BOUND('',#654,.T.);
#486=FACE_BOUND('',#655,.T.);
#487=FACE_BOUND('',#656,.T.);
#488=FACE_BOUND('',#657,.T.);
#489=FACE_BOUND('',#658,.T.);
#490=FACE_BOUND('',#659,.T.);
#491=FACE_BOUND('',#660,.T.);
#492=FACE_BOUND('',#661,.T.);
#493=FACE_BOUND('',#704,.T.);
#494=FACE_BOUND('',#705,.T.);
#495=FACE_BOUND('',#706,.T.);
#496=FACE_BOUND('',#707,.T.);
#497=FACE_BOUND('',#712,.T.);
#498=FACE_BOUND('',#728,.T.);
#499=FACE_BOUND('',#735,.T.);
#500=FACE_BOUND('',#741,.T.);
#501=FACE_BOUND('',#746,.T.);
#502=FACE_BOUND('',#751,.T.);
#503=FACE_BOUND('',#756,.T.);
#504=FACE_OUTER_BOUND('',#609,.T.);
#505=FACE_OUTER_BOUND('',#611,.T.);
#506=FACE_OUTER_BOUND('',#612,.T.);
#507=FACE_OUTER_BOUND('',#613,.T.);
#508=FACE_OUTER_BOUND('',#615,.T.);
#509=FACE_OUTER_BOUND('',#616,.T.);
#510=FACE_OUTER_BOUND('',#617,.T.);
#511=FACE_OUTER_BOUND('',#619,.T.);
#512=FACE_OUTER_BOUND('',#620,.T.);
#513=FACE_OUTER_BOUND('',#621,.T.);
#514=FACE_OUTER_BOUND('',#623,.T.);
#515=FACE_OUTER_BOUND('',#624,.T.);
#516=FACE_OUTER_BOUND('',#625,.T.);
#517=FACE_OUTER_BOUND('',#626,.T.);
#518=FACE_OUTER_BOUND('',#627,.T.);
#519=FACE_OUTER_BOUND('',#642,.T.);
#520=FACE_OUTER_BOUND('',#643,.T.);
#521=FACE_OUTER_BOUND('',#644,.T.);
#522=FACE_OUTER_BOUND('',#645,.T.);
#523=FACE_OUTER_BOUND('',#646,.T.);
#524=FACE_OUTER_BOUND('',#647,.T.);
#525=FACE_OUTER_BOUND('',#662,.T.);
#526=FACE_OUTER_BOUND('',#663,.T.);
#527=FACE_OUTER_BOUND('',#664,.T.);
#528=FACE_OUTER_BOUND('',#665,.T.);
#529=FACE_OUTER_BOUND('',#666,.T.);
#530=FACE_OUTER_BOUND('',#667,.T.);
#531=FACE_OUTER_BOUND('',#668,.T.);
#532=FACE_OUTER_BOUND('',#669,.T.);
#533=FACE_OUTER_BOUND('',#670,.T.);
#534=FACE_OUTER_BOUND('',#671,.T.);
#535=FACE_OUTER_BOUND('',#672,.T.);
#536=FACE_OUTER_BOUND('',#673,.T.);
#537=FACE_OUTER_BOUND('',#674,.T.);
#538=FACE_OUTER_BOUND('',#675,.T.);
#539=FACE_OUTER_BOUND('',#676,.T.);
#540=FACE_OUTER_BOUND('',#677,.T.);
#541=FACE_OUTER_BOUND('',#678,.T.);
#542=FACE_OUTER_BOUND('',#679,.T.);
#543=FACE_OUTER_BOUND('',#680,.T.);
#544=FACE_OUTER_BOUND('',#681,.T.);
#545=FACE_OUTER_BOUND('',#682,.T.);
#546=FACE_OUTER_BOUND('',#683,.T.);
#547=FACE_OUTER_BOUND('',#684,.T.);
#548=FACE_OUTER_BOUND('',#685,.T.);
#549=FACE_OUTER_BOUND('',#686,.T.);
#550=FACE_OUTER_BOUND('',#687,.T.);
#551=FACE_OUTER_BOUND('',#688,.T.);
#552=FACE_OUTER_BOUND('',#689,.T.);
#553=FACE_OUTER_BOUND('',#690,.T.);
#554=FACE_OUTER_BOUND('',#691,.T.);
#555=FACE_OUTER_BOUND('',#692,.T.);
#556=FACE_OUTER_BOUND('',#693,.T.);
#557=FACE_OUTER_BOUND('',#694,.T.);
#558=FACE_OUTER_BOUND('',#695,.T.);
#559=FACE_OUTER_BOUND('',#696,.T.);
#560=FACE_OUTER_BOUND('',#697,.T.);
#561=FACE_OUTER_BOUND('',#698,.T.);
#562=FACE_OUTER_BOUND('',#699,.T.);
#563=FACE_OUTER_BOUND('',#700,.T.);
#564=FACE_OUTER_BOUND('',#701,.T.);
#565=FACE_OUTER_BOUND('',#702,.T.);
#566=FACE_OUTER_BOUND('',#703,.T.);
#567=FACE_OUTER_BOUND('',#708,.T.);
#568=FACE_OUTER_BOUND('',#709,.T.);
#569=FACE_OUTER_BOUND('',#710,.T.);
#570=FACE_OUTER_BOUND('',#711,.T.);
#571=FACE_OUTER_BOUND('',#713,.T.);
#572=FACE_OUTER_BOUND('',#714,.T.);
#573=FACE_OUTER_BOUND('',#715,.T.);
#574=FACE_OUTER_BOUND('',#716,.T.);
#575=FACE_OUTER_BOUND('',#717,.T.);
#576=FACE_OUTER_BOUND('',#718,.T.);
#577=FACE_OUTER_BOUND('',#719,.T.);
#578=FACE_OUTER_BOUND('',#720,.T.);
#579=FACE_OUTER_BOUND('',#721,.T.);
#580=FACE_OUTER_BOUND('',#722,.T.);
#581=FACE_OUTER_BOUND('',#723,.T.);
#582=FACE_OUTER_BOUND('',#724,.T.);
#583=FACE_OUTER_BOUND('',#725,.T.);
#584=FACE_OUTER_BOUND('',#726,.T.);
#585=FACE_OUTER_BOUND('',#727,.T.);
#586=FACE_OUTER_BOUND('',#729,.T.);
#587=FACE_OUTER_BOUND('',#730,.T.);
#588=FACE_OUTER_BOUND('',#731,.T.);
#589=FACE_OUTER_BOUND('',#732,.T.);
#590=FACE_OUTER_BOUND('',#733,.T.);
#591=FACE_OUTER_BOUND('',#734,.T.);
#592=FACE_OUTER_BOUND('',#736,.T.);
#593=FACE_OUTER_BOUND('',#737,.T.);
#594=FACE_OUTER_BOUND('',#738,.T.);
#595=FACE_OUTER_BOUND('',#739,.T.);
#596=FACE_OUTER_BOUND('',#740,.T.);
#597=FACE_OUTER_BOUND('',#742,.T.);
#598=FACE_OUTER_BOUND('',#743,.T.);
#599=FACE_OUTER_BOUND('',#744,.T.);
#600=FACE_OUTER_BOUND('',#745,.T.);
#601=FACE_OUTER_BOUND('',#747,.T.);
#602=FACE_OUTER_BOUND('',#748,.T.);
#603=FACE_OUTER_BOUND('',#749,.T.);
#604=FACE_OUTER_BOUND('',#750,.T.);
#605=FACE_OUTER_BOUND('',#752,.T.);
#606=FACE_OUTER_BOUND('',#753,.T.);
#607=FACE_OUTER_BOUND('',#754,.T.);
#608=FACE_OUTER_BOUND('',#755,.T.);
#609=EDGE_LOOP('',(#1269));
#610=EDGE_LOOP('',(#1270));
#611=EDGE_LOOP('',(#1271,#1272,#1273,#1274));
#612=EDGE_LOOP('',(#1275,#1276,#1277,#1278));
#613=EDGE_LOOP('',(#1279));
#614=EDGE_LOOP('',(#1280));
#615=EDGE_LOOP('',(#1281,#1282,#1283,#1284));
#616=EDGE_LOOP('',(#1285,#1286,#1287,#1288));
#617=EDGE_LOOP('',(#1289));
#618=EDGE_LOOP('',(#1290));
#619=EDGE_LOOP('',(#1291,#1292,#1293,#1294));
#620=EDGE_LOOP('',(#1295,#1296,#1297,#1298));
#621=EDGE_LOOP('',(#1299));
#622=EDGE_LOOP('',(#1300));
#623=EDGE_LOOP('',(#1301,#1302,#1303,#1304));
#624=EDGE_LOOP('',(#1305,#1306,#1307,#1308));
#625=EDGE_LOOP('',(#1309,#1310,#1311,#1312));
#626=EDGE_LOOP('',(#1313,#1314,#1315,#1316));
#627=EDGE_LOOP('',(#1317,#1318,#1319,#1320,#1321,#1322,#1323,#1324));
#628=EDGE_LOOP('',(#1325));
#629=EDGE_LOOP('',(#1326));
#630=EDGE_LOOP('',(#1327,#1328,#1329,#1330));
#631=EDGE_LOOP('',(#1331,#1332,#1333,#1334));
#632=EDGE_LOOP('',(#1335,#1336,#1337,#1338));
#633=EDGE_LOOP('',(#1339,#1340,#1341,#1342));
#634=EDGE_LOOP('',(#1343,#1344,#1345,#1346));
#635=EDGE_LOOP('',(#1347,#1348,#1349,#1350));
#636=EDGE_LOOP('',(#1351,#1352,#1353,#1354));
#637=EDGE_LOOP('',(#1355,#1356,#1357,#1358));
#638=EDGE_LOOP('',(#1359,#1360,#1361,#1362));
#639=EDGE_LOOP('',(#1363,#1364,#1365,#1366));
#640=EDGE_LOOP('',(#1367));
#641=EDGE_LOOP('',(#1368));
#642=EDGE_LOOP('',(#1369,#1370,#1371,#1372));
#643=EDGE_LOOP('',(#1373,#1374,#1375,#1376));
#644=EDGE_LOOP('',(#1377,#1378,#1379,#1380));
#645=EDGE_LOOP('',(#1381,#1382,#1383,#1384));
#646=EDGE_LOOP('',(#1385,#1386,#1387,#1388));
#647=EDGE_LOOP('',(#1389,#1390,#1391,#1392,#1393,#1394,#1395,#1396));
#648=EDGE_LOOP('',(#1397));
#649=EDGE_LOOP('',(#1398));
#650=EDGE_LOOP('',(#1399,#1400,#1401,#1402));
#651=EDGE_LOOP('',(#1403,#1404,#1405,#1406));
#652=EDGE_LOOP('',(#1407,#1408,#1409,#1410));
#653=EDGE_LOOP('',(#1411,#1412,#1413,#1414));
#654=EDGE_LOOP('',(#1415,#1416,#1417,#1418));
#655=EDGE_LOOP('',(#1419,#1420,#1421,#1422));
#656=EDGE_LOOP('',(#1423,#1424,#1425,#1426));
#657=EDGE_LOOP('',(#1427,#1428,#1429,#1430));
#658=EDGE_LOOP('',(#1431,#1432,#1433,#1434));
#659=EDGE_LOOP('',(#1435,#1436,#1437,#1438));
#660=EDGE_LOOP('',(#1439));
#661=EDGE_LOOP('',(#1440));
#662=EDGE_LOOP('',(#1441,#1442,#1443,#1444));
#663=EDGE_LOOP('',(#1445,#1446,#1447,#1448));
#664=EDGE_LOOP('',(#1449,#1450,#1451,#1452));
#665=EDGE_LOOP('',(#1453,#1454,#1455,#1456));
#666=EDGE_LOOP('',(#1457,#1458,#1459,#1460));
#667=EDGE_LOOP('',(#1461,#1462,#1463,#1464));
#668=EDGE_LOOP('',(#1465,#1466,#1467,#1468));
#669=EDGE_LOOP('',(#1469,#1470,#1471,#1472));
#670=EDGE_LOOP('',(#1473,#1474,#1475,#1476));
#671=EDGE_LOOP('',(#1477,#1478,#1479,#1480));
#672=EDGE_LOOP('',(#1481,#1482,#1483,#1484));
#673=EDGE_LOOP('',(#1485,#1486,#1487,#1488));
#674=EDGE_LOOP('',(#1489,#1490,#1491,#1492));
#675=EDGE_LOOP('',(#1493,#1494,#1495,#1496));
#676=EDGE_LOOP('',(#1497,#1498,#1499,#1500));
#677=EDGE_LOOP('',(#1501,#1502,#1503,#1504));
#678=EDGE_LOOP('',(#1505,#1506,#1507,#1508));
#679=EDGE_LOOP('',(#1509,#1510,#1511,#1512));
#680=EDGE_LOOP('',(#1513,#1514,#1515,#1516));
#681=EDGE_LOOP('',(#1517,#1518,#1519,#1520));
#682=EDGE_LOOP('',(#1521,#1522,#1523,#1524));
#683=EDGE_LOOP('',(#1525,#1526,#1527,#1528));
#684=EDGE_LOOP('',(#1529,#1530,#1531,#1532));
#685=EDGE_LOOP('',(#1533,#1534,#1535,#1536));
#686=EDGE_LOOP('',(#1537,#1538,#1539,#1540));
#687=EDGE_LOOP('',(#1541,#1542,#1543,#1544));
#688=EDGE_LOOP('',(#1545,#1546,#1547,#1548));
#689=EDGE_LOOP('',(#1549,#1550,#1551,#1552));
#690=EDGE_LOOP('',(#1553,#1554,#1555,#1556));
#691=EDGE_LOOP('',(#1557,#1558,#1559,#1560));
#692=EDGE_LOOP('',(#1561,#1562,#1563,#1564));
#693=EDGE_LOOP('',(#1565,#1566,#1567,#1568));
#694=EDGE_LOOP('',(#1569,#1570,#1571,#1572));
#695=EDGE_LOOP('',(#1573,#1574,#1575,#1576));
#696=EDGE_LOOP('',(#1577,#1578,#1579,#1580));
#697=EDGE_LOOP('',(#1581,#1582,#1583,#1584));
#698=EDGE_LOOP('',(#1585,#1586,#1587,#1588));
#699=EDGE_LOOP('',(#1589,#1590,#1591,#1592));
#700=EDGE_LOOP('',(#1593,#1594,#1595,#1596));
#701=EDGE_LOOP('',(#1597,#1598,#1599,#1600));
#702=EDGE_LOOP('',(#1601,#1602,#1603,#1604));
#703=EDGE_LOOP('',(#1605,#1606,#1607,#1608,#1609,#1610,#1611,#1612));
#704=EDGE_LOOP('',(#1613));
#705=EDGE_LOOP('',(#1614));
#706=EDGE_LOOP('',(#1615));
#707=EDGE_LOOP('',(#1616));
#708=EDGE_LOOP('',(#1617,#1618,#1619,#1620));
#709=EDGE_LOOP('',(#1621,#1622,#1623,#1624));
#710=EDGE_LOOP('',(#1625,#1626,#1627,#1628));
#711=EDGE_LOOP('',(#1629,#1630,#1631,#1632));
#712=EDGE_LOOP('',(#1633,#1634,#1635,#1636,#1637,#1638,#1639,#1640));
#713=EDGE_LOOP('',(#1641,#1642,#1643,#1644));
#714=EDGE_LOOP('',(#1645,#1646,#1647,#1648));
#715=EDGE_LOOP('',(#1649,#1650,#1651,#1652));
#716=EDGE_LOOP('',(#1653,#1654,#1655,#1656));
#717=EDGE_LOOP('',(#1657,#1658,#1659,#1660));
#718=EDGE_LOOP('',(#1661,#1662,#1663,#1664));
#719=EDGE_LOOP('',(#1665,#1666,#1667,#1668));
#720=EDGE_LOOP('',(#1669,#1670,#1671,#1672));
#721=EDGE_LOOP('',(#1673,#1674,#1675,#1676));
#722=EDGE_LOOP('',(#1677,#1678,#1679,#1680));
#723=EDGE_LOOP('',(#1681,#1682,#1683,#1684));
#724=EDGE_LOOP('',(#1685,#1686,#1687,#1688));
#725=EDGE_LOOP('',(#1689,#1690,#1691,#1692));
#726=EDGE_LOOP('',(#1693,#1694,#1695,#1696));
#727=EDGE_LOOP('',(#1697,#1698,#1699,#1700));
#728=EDGE_LOOP('',(#1701,#1702,#1703,#1704,#1705,#1706,#1707,#1708));
#729=EDGE_LOOP('',(#1709,#1710,#1711,#1712));
#730=EDGE_LOOP('',(#1713,#1714,#1715,#1716));
#731=EDGE_LOOP('',(#1717,#1718,#1719,#1720));
#732=EDGE_LOOP('',(#1721,#1722,#1723,#1724));
#733=EDGE_LOOP('',(#1725,#1726,#1727,#1728));
#734=EDGE_LOOP('',(#1729,#1730,#1731,#1732,#1733,#1734,#1735,#1736));
#735=EDGE_LOOP('',(#1737,#1738,#1739,#1740,#1741,#1742,#1743,#1744));
#736=EDGE_LOOP('',(#1745,#1746,#1747,#1748,#1749,#1750,#1751,#1752));
#737=EDGE_LOOP('',(#1753,#1754,#1755));
#738=EDGE_LOOP('',(#1756,#1757,#1758,#1759));
#739=EDGE_LOOP('',(#1760,#1761,#1762,#1763));
#740=EDGE_LOOP('',(#1764));
#741=EDGE_LOOP('',(#1765));
#742=EDGE_LOOP('',(#1766,#1767,#1768));
#743=EDGE_LOOP('',(#1769,#1770,#1771,#1772));
#744=EDGE_LOOP('',(#1773,#1774,#1775,#1776));
#745=EDGE_LOOP('',(#1777));
#746=EDGE_LOOP('',(#1778));
#747=EDGE_LOOP('',(#1779,#1780,#1781));
#748=EDGE_LOOP('',(#1782,#1783,#1784,#1785));
#749=EDGE_LOOP('',(#1786,#1787,#1788,#1789));
#750=EDGE_LOOP('',(#1790));
#751=EDGE_LOOP('',(#1791));
#752=EDGE_LOOP('',(#1792,#1793,#1794));
#753=EDGE_LOOP('',(#1795,#1796,#1797,#1798));
#754=EDGE_LOOP('',(#1799,#1800,#1801,#1802));
#755=EDGE_LOOP('',(#1803));
#756=EDGE_LOOP('',(#1804));
#757=CIRCLE('',#1995,2.);
#758=CIRCLE('',#1996,1.6);
#759=CIRCLE('',#1998,2.);
#760=CIRCLE('',#2000,1.6);
#761=CIRCLE('',#2002,2.);
#762=CIRCLE('',#2003,1.6);
#763=CIRCLE('',#2005,2.);
#764=CIRCLE('',#2007,1.6);
#765=CIRCLE('',#2009,2.);
#766=CIRCLE('',#2010,1.6);
#767=CIRCLE('',#2012,2.);
#768=CIRCLE('',#2014,1.6);
#769=CIRCLE('',#2016,2.);
#770=CIRCLE('',#2017,1.6);
#771=CIRCLE('',#2019,2.);
#772=CIRCLE('',#2021,1.6);
#773=CIRCLE('',#2023,8.00000000001585);
#774=CIRCLE('',#2024,8.00000000001585);
#775=CIRCLE('',#2027,8.00000000001584);
#776=CIRCLE('',#2028,8.00000000001584);
#777=CIRCLE('',#2029,8.00000000001585);
#778=CIRCLE('',#2031,8.00000000001584);
#779=CIRCLE('',#2035,8.00000000001584);
#780=CIRCLE('',#2038,8.00000000001585);
#781=CIRCLE('',#2081,4.);
#782=CIRCLE('',#2082,4.);
#783=CIRCLE('',#2083,4.);
#784=CIRCLE('',#2084,3.99999999999999);
#785=CIRCLE('',#2085,2.);
#786=CIRCLE('',#2086,2.);
#787=CIRCLE('',#2087,2.);
#788=CIRCLE('',#2088,2.);
#789=CIRCLE('',#2090,4.);
#790=CIRCLE('',#2093,4.);
#791=CIRCLE('',#2095,2.);
#792=CIRCLE('',#2096,2.);
#793=CIRCLE('',#2097,2.);
#794=CIRCLE('',#2098,2.);
#795=CIRCLE('',#2100,2.);
#796=CIRCLE('',#2103,2.);
#797=CIRCLE('',#2106,2.);
#798=CIRCLE('',#2109,2.);
#799=CIRCLE('',#2113,3.99999999999999);
#800=CIRCLE('',#2116,4.);
#801=CIRCLE('',#2119,8.00000000000001);
#802=CIRCLE('',#2120,8.00000000000001);
#803=CIRCLE('',#2123,8.00000000000001);
#804=CIRCLE('',#2124,8.00000000000001);
#805=CIRCLE('',#2127,7.99999999999999);
#806=CIRCLE('',#2128,7.99999999999999);
#807=CIRCLE('',#2131,8.);
#808=CIRCLE('',#2132,8.);
#809=CIRCLE('',#2136,1.2645);
#810=CIRCLE('',#2138,1.2645);
#811=CIRCLE('',#2140,2.);
#812=CIRCLE('',#2143,1.2645);
#813=CIRCLE('',#2145,1.2645);
#814=CIRCLE('',#2147,2.);
#815=CIRCLE('',#2150,1.2645);
#816=CIRCLE('',#2152,1.2645);
#817=CIRCLE('',#2154,2.);
#818=CIRCLE('',#2157,1.2645);
#819=CIRCLE('',#2159,1.2645);
#820=CIRCLE('',#2161,2.);
#821=VERTEX_POINT('',#2709);
#822=VERTEX_POINT('',#2711);
#823=VERTEX_POINT('',#2714);
#824=VERTEX_POINT('',#2718);
#825=VERTEX_POINT('',#2722);
#826=VERTEX_POINT('',#2724);
#827=VERTEX_POINT('',#2727);
#828=VERTEX_POINT('',#2731);
#829=VERTEX_POINT('',#2735);
#830=VERTEX_POINT('',#2737);
#831=VERTEX_POINT('',#2740);
#832=VERTEX_POINT('',#2744);
#833=VERTEX_POINT('',#2748);
#834=VERTEX_POINT('',#2750);
#835=VERTEX_POINT('',#2753);
#836=VERTEX_POINT('',#2757);
#837=VERTEX_POINT('',#2761);
#838=VERTEX_POINT('',#2762);
#839=VERTEX_POINT('',#2764);
#840=VERTEX_POINT('',#2766);
#841=VERTEX_POINT('',#2770);
#842=VERTEX_POINT('',#2772);
#843=VERTEX_POINT('',#2776);
#844=VERTEX_POINT('',#2778);
#845=VERTEX_POINT('',#2780);
#846=VERTEX_POINT('',#2782);
#847=VERTEX_POINT('',#2784);
#848=VERTEX_POINT('',#2787);
#849=VERTEX_POINT('',#2788);
#850=VERTEX_POINT('',#2790);
#851=VERTEX_POINT('',#2792);
#852=VERTEX_POINT('',#2795);
#853=VERTEX_POINT('',#2796);
#854=VERTEX_POINT('',#2798);
#855=VERTEX_POINT('',#2800);
#856=VERTEX_POINT('',#2803);
#857=VERTEX_POINT('',#2804);
#858=VERTEX_POINT('',#2806);
#859=VERTEX_POINT('',#2808);
#860=VERTEX_POINT('',#2811);
#861=VERTEX_POINT('',#2812);
#862=VERTEX_POINT('',#2814);
#863=VERTEX_POINT('',#2816);
#864=VERTEX_POINT('',#2819);
#865=VERTEX_POINT('',#2820);
#866=VERTEX_POINT('',#2822);
#867=VERTEX_POINT('',#2824);
#868=VERTEX_POINT('',#2827);
#869=VERTEX_POINT('',#2828);
#870=VERTEX_POINT('',#2830);
#871=VERTEX_POINT('',#2832);
#872=VERTEX_POINT('',#2835);
#873=VERTEX_POINT('',#2836);
#874=VERTEX_POINT('',#2838);
#875=VERTEX_POINT('',#2840);
#876=VERTEX_POINT('',#2843);
#877=VERTEX_POINT('',#2844);
#878=VERTEX_POINT('',#2846);
#879=VERTEX_POINT('',#2848);
#880=VERTEX_POINT('',#2851);
#881=VERTEX_POINT('',#2852);
#882=VERTEX_POINT('',#2854);
#883=VERTEX_POINT('',#2856);
#884=VERTEX_POINT('',#2859);
#885=VERTEX_POINT('',#2860);
#886=VERTEX_POINT('',#2862);
#887=VERTEX_POINT('',#2864);
#888=VERTEX_POINT('',#2868);
#889=VERTEX_POINT('',#2869);
#890=VERTEX_POINT('',#2874);
#891=VERTEX_POINT('',#2880);
#892=VERTEX_POINT('',#2884);
#893=VERTEX_POINT('',#2889);
#894=VERTEX_POINT('',#2890);
#895=VERTEX_POINT('',#2892);
#896=VERTEX_POINT('',#2894);
#897=VERTEX_POINT('',#2897);
#898=VERTEX_POINT('',#2898);
#899=VERTEX_POINT('',#2900);
#900=VERTEX_POINT('',#2902);
#901=VERTEX_POINT('',#2905);
#902=VERTEX_POINT('',#2906);
#903=VERTEX_POINT('',#2908);
#904=VERTEX_POINT('',#2910);
#905=VERTEX_POINT('',#2913);
#906=VERTEX_POINT('',#2914);
#907=VERTEX_POINT('',#2916);
#908=VERTEX_POINT('',#2918);
#909=VERTEX_POINT('',#2921);
#910=VERTEX_POINT('',#2922);
#911=VERTEX_POINT('',#2924);
#912=VERTEX_POINT('',#2926);
#913=VERTEX_POINT('',#2929);
#914=VERTEX_POINT('',#2930);
#915=VERTEX_POINT('',#2932);
#916=VERTEX_POINT('',#2934);
#917=VERTEX_POINT('',#2937);
#918=VERTEX_POINT('',#2938);
#919=VERTEX_POINT('',#2940);
#920=VERTEX_POINT('',#2942);
#921=VERTEX_POINT('',#2945);
#922=VERTEX_POINT('',#2946);
#923=VERTEX_POINT('',#2948);
#924=VERTEX_POINT('',#2950);
#925=VERTEX_POINT('',#2953);
#926=VERTEX_POINT('',#2954);
#927=VERTEX_POINT('',#2956);
#928=VERTEX_POINT('',#2958);
#929=VERTEX_POINT('',#2961);
#930=VERTEX_POINT('',#2962);
#931=VERTEX_POINT('',#2964);
#932=VERTEX_POINT('',#2966);
#933=VERTEX_POINT('',#3051);
#934=VERTEX_POINT('',#3052);
#935=VERTEX_POINT('',#3054);
#936=VERTEX_POINT('',#3056);
#937=VERTEX_POINT('',#3058);
#938=VERTEX_POINT('',#3060);
#939=VERTEX_POINT('',#3062);
#940=VERTEX_POINT('',#3064);
#941=VERTEX_POINT('',#3067);
#942=VERTEX_POINT('',#3069);
#943=VERTEX_POINT('',#3071);
#944=VERTEX_POINT('',#3073);
#945=VERTEX_POINT('',#3076);
#946=VERTEX_POINT('',#3078);
#947=VERTEX_POINT('',#3082);
#948=VERTEX_POINT('',#3086);
#949=VERTEX_POINT('',#3090);
#950=VERTEX_POINT('',#3093);
#951=VERTEX_POINT('',#3094);
#952=VERTEX_POINT('',#3096);
#953=VERTEX_POINT('',#3098);
#954=VERTEX_POINT('',#3100);
#955=VERTEX_POINT('',#3102);
#956=VERTEX_POINT('',#3104);
#957=VERTEX_POINT('',#3106);
#958=VERTEX_POINT('',#3110);
#959=VERTEX_POINT('',#3111);
#960=VERTEX_POINT('',#3116);
#961=VERTEX_POINT('',#3120);
#962=VERTEX_POINT('',#3124);
#963=VERTEX_POINT('',#3128);
#964=VERTEX_POINT('',#3132);
#965=VERTEX_POINT('',#3136);
#966=VERTEX_POINT('',#3142);
#967=VERTEX_POINT('',#3146);
#968=VERTEX_POINT('',#3150);
#969=VERTEX_POINT('',#3156);
#970=VERTEX_POINT('',#3157);
#971=VERTEX_POINT('',#3159);
#972=VERTEX_POINT('',#3161);
#973=VERTEX_POINT('',#3165);
#974=VERTEX_POINT('',#3167);
#975=VERTEX_POINT('',#3171);
#976=VERTEX_POINT('',#3173);
#977=VERTEX_POINT('',#3177);
#978=VERTEX_POINT('',#3179);
#979=VERTEX_POINT('',#3183);
#980=VERTEX_POINT('',#3185);
#981=VERTEX_POINT('',#3189);
#982=VERTEX_POINT('',#3191);
#983=VERTEX_POINT('',#3195);
#984=VERTEX_POINT('',#3197);
#985=VERTEX_POINT('',#3206);
#986=VERTEX_POINT('',#3208);
#987=VERTEX_POINT('',#3211);
#988=VERTEX_POINT('',#3215);
#989=VERTEX_POINT('',#3220);
#990=VERTEX_POINT('',#3222);
#991=VERTEX_POINT('',#3225);
#992=VERTEX_POINT('',#3229);
#993=VERTEX_POINT('',#3234);
#994=VERTEX_POINT('',#3236);
#995=VERTEX_POINT('',#3239);
#996=VERTEX_POINT('',#3243);
#997=VERTEX_POINT('',#3248);
#998=VERTEX_POINT('',#3250);
#999=VERTEX_POINT('',#3253);
#1000=VERTEX_POINT('',#3257);
#1001=EDGE_CURVE('',#821,#821,#757,.T.);
#1002=EDGE_CURVE('',#822,#822,#758,.T.);
#1003=EDGE_CURVE('',#823,#823,#759,.T.);
#1004=EDGE_CURVE('',#823,#821,#21,.T.);
#1005=EDGE_CURVE('',#822,#824,#22,.T.);
#1006=EDGE_CURVE('',#824,#824,#760,.T.);
#1007=EDGE_CURVE('',#825,#825,#761,.T.);
#1008=EDGE_CURVE('',#826,#826,#762,.T.);
#1009=EDGE_CURVE('',#827,#827,#763,.T.);
#1010=EDGE_CURVE('',#827,#825,#23,.T.);
#1011=EDGE_CURVE('',#826,#828,#24,.T.);
#1012=EDGE_CURVE('',#828,#828,#764,.T.);
#1013=EDGE_CURVE('',#829,#829,#765,.T.);
#1014=EDGE_CURVE('',#830,#830,#766,.T.);
#1015=EDGE_CURVE('',#831,#831,#767,.T.);
#1016=EDGE_CURVE('',#831,#829,#25,.T.);
#1017=EDGE_CURVE('',#830,#832,#26,.T.);
#1018=EDGE_CURVE('',#832,#832,#768,.T.);
#1019=EDGE_CURVE('',#833,#833,#769,.T.);
#1020=EDGE_CURVE('',#834,#834,#770,.T.);
#1021=EDGE_CURVE('',#835,#835,#771,.T.);
#1022=EDGE_CURVE('',#835,#833,#27,.T.);
#1023=EDGE_CURVE('',#834,#836,#28,.T.);
#1024=EDGE_CURVE('',#836,#836,#772,.T.);
#1025=EDGE_CURVE('',#837,#838,#773,.F.);
#1026=EDGE_CURVE('',#838,#839,#29,.T.);
#1027=EDGE_CURVE('',#839,#840,#774,.T.);
#1028=EDGE_CURVE('',#840,#837,#30,.T.);
#1029=EDGE_CURVE('',#841,#840,#31,.F.);
#1030=EDGE_CURVE('',#842,#841,#32,.T.);
#1031=EDGE_CURVE('',#842,#837,#33,.F.);
#1032=EDGE_CURVE('',#839,#843,#34,.F.);
#1033=EDGE_CURVE('',#844,#843,#775,.T.);
#1034=EDGE_CURVE('',#844,#845,#35,.F.);
#1035=EDGE_CURVE('',#846,#845,#776,.T.);
#1036=EDGE_CURVE('',#846,#847,#36,.F.);
#1037=EDGE_CURVE('',#841,#847,#777,.T.);
#1038=EDGE_CURVE('',#848,#849,#37,.T.);
#1039=EDGE_CURVE('',#849,#850,#38,.T.);
#1040=EDGE_CURVE('',#850,#851,#39,.T.);
#1041=EDGE_CURVE('',#851,#848,#40,.T.);
#1042=EDGE_CURVE('',#852,#853,#41,.T.);
#1043=EDGE_CURVE('',#853,#854,#42,.T.);
#1044=EDGE_CURVE('',#854,#855,#43,.T.);
#1045=EDGE_CURVE('',#855,#852,#44,.T.);
#1046=EDGE_CURVE('',#856,#857,#45,.T.);
#1047=EDGE_CURVE('',#857,#858,#46,.T.);
#1048=EDGE_CURVE('',#858,#859,#47,.T.);
#1049=EDGE_CURVE('',#859,#856,#48,.T.);
#1050=EDGE_CURVE('',#860,#861,#49,.T.);
#1051=EDGE_CURVE('',#861,#862,#50,.T.);
#1052=EDGE_CURVE('',#862,#863,#51,.T.);
#1053=EDGE_CURVE('',#863,#860,#52,.T.);
#1054=EDGE_CURVE('',#864,#865,#53,.T.);
#1055=EDGE_CURVE('',#865,#866,#54,.T.);
#1056=EDGE_CURVE('',#866,#867,#55,.T.);
#1057=EDGE_CURVE('',#867,#864,#56,.T.);
#1058=EDGE_CURVE('',#868,#869,#57,.T.);
#1059=EDGE_CURVE('',#869,#870,#58,.T.);
#1060=EDGE_CURVE('',#870,#871,#59,.T.);
#1061=EDGE_CURVE('',#871,#868,#60,.T.);
#1062=EDGE_CURVE('',#872,#873,#61,.T.);
#1063=EDGE_CURVE('',#873,#874,#62,.T.);
#1064=EDGE_CURVE('',#874,#875,#63,.T.);
#1065=EDGE_CURVE('',#875,#872,#64,.T.);
#1066=EDGE_CURVE('',#876,#877,#65,.T.);
#1067=EDGE_CURVE('',#877,#878,#66,.T.);
#1068=EDGE_CURVE('',#878,#879,#67,.T.);
#1069=EDGE_CURVE('',#879,#876,#68,.T.);
#1070=EDGE_CURVE('',#880,#881,#69,.T.);
#1071=EDGE_CURVE('',#881,#882,#70,.T.);
#1072=EDGE_CURVE('',#882,#883,#71,.T.);
#1073=EDGE_CURVE('',#883,#880,#72,.T.);
#1074=EDGE_CURVE('',#884,#885,#73,.T.);
#1075=EDGE_CURVE('',#885,#886,#74,.T.);
#1076=EDGE_CURVE('',#886,#887,#75,.T.);
#1077=EDGE_CURVE('',#887,#884,#76,.T.);
#1078=EDGE_CURVE('',#888,#889,#778,.F.);
#1079=EDGE_CURVE('',#889,#844,#77,.T.);
#1080=EDGE_CURVE('',#843,#888,#78,.T.);
#1081=EDGE_CURVE('',#889,#890,#79,.F.);
#1082=EDGE_CURVE('',#845,#890,#80,.T.);
#1083=EDGE_CURVE('',#838,#888,#81,.F.);
#1084=EDGE_CURVE('',#890,#891,#779,.F.);
#1085=EDGE_CURVE('',#891,#846,#82,.T.);
#1086=EDGE_CURVE('',#891,#892,#83,.F.);
#1087=EDGE_CURVE('',#847,#892,#84,.T.);
#1088=EDGE_CURVE('',#892,#842,#780,.F.);
#1089=EDGE_CURVE('',#893,#894,#85,.T.);
#1090=EDGE_CURVE('',#894,#895,#86,.T.);
#1091=EDGE_CURVE('',#895,#896,#87,.T.);
#1092=EDGE_CURVE('',#896,#893,#88,.T.);
#1093=EDGE_CURVE('',#897,#898,#89,.T.);
#1094=EDGE_CURVE('',#898,#899,#90,.T.);
#1095=EDGE_CURVE('',#899,#900,#91,.T.);
#1096=EDGE_CURVE('',#900,#897,#92,.T.);
#1097=EDGE_CURVE('',#901,#902,#93,.T.);
#1098=EDGE_CURVE('',#902,#903,#94,.T.);
#1099=EDGE_CURVE('',#903,#904,#95,.T.);
#1100=EDGE_CURVE('',#904,#901,#96,.T.);
#1101=EDGE_CURVE('',#905,#906,#97,.T.);
#1102=EDGE_CURVE('',#906,#907,#98,.T.);
#1103=EDGE_CURVE('',#907,#908,#99,.T.);
#1104=EDGE_CURVE('',#908,#905,#100,.T.);
#1105=EDGE_CURVE('',#909,#910,#101,.T.);
#1106=EDGE_CURVE('',#910,#911,#102,.T.);
#1107=EDGE_CURVE('',#911,#912,#103,.T.);
#1108=EDGE_CURVE('',#912,#909,#104,.T.);
#1109=EDGE_CURVE('',#913,#914,#105,.T.);
#1110=EDGE_CURVE('',#914,#915,#106,.T.);
#1111=EDGE_CURVE('',#915,#916,#107,.T.);
#1112=EDGE_CURVE('',#916,#913,#108,.T.);
#1113=EDGE_CURVE('',#917,#918,#109,.T.);
#1114=EDGE_CURVE('',#918,#919,#110,.T.);
#1115=EDGE_CURVE('',#919,#920,#111,.T.);
#1116=EDGE_CURVE('',#920,#917,#112,.T.);
#1117=EDGE_CURVE('',#921,#922,#113,.T.);
#1118=EDGE_CURVE('',#922,#923,#114,.T.);
#1119=EDGE_CURVE('',#923,#924,#115,.T.);
#1120=EDGE_CURVE('',#924,#921,#116,.T.);
#1121=EDGE_CURVE('',#925,#926,#117,.T.);
#1122=EDGE_CURVE('',#926,#927,#118,.T.);
#1123=EDGE_CURVE('',#927,#928,#119,.T.);
#1124=EDGE_CURVE('',#928,#925,#120,.T.);
#1125=EDGE_CURVE('',#929,#930,#121,.T.);
#1126=EDGE_CURVE('',#930,#931,#122,.T.);
#1127=EDGE_CURVE('',#931,#932,#123,.T.);
#1128=EDGE_CURVE('',#932,#929,#124,.T.);
#1129=EDGE_CURVE('',#886,#932,#125,.T.);
#1130=EDGE_CURVE('',#887,#931,#126,.T.);
#1131=EDGE_CURVE('',#884,#930,#127,.T.);
#1132=EDGE_CURVE('',#885,#929,#128,.T.);
#1133=EDGE_CURVE('',#893,#849,#129,.T.);
#1134=EDGE_CURVE('',#894,#848,#130,.T.);
#1135=EDGE_CURVE('',#896,#850,#131,.T.);
#1136=EDGE_CURVE('',#895,#851,#132,.T.);
#1137=EDGE_CURVE('',#897,#853,#133,.T.);
#1138=EDGE_CURVE('',#898,#852,#134,.T.);
#1139=EDGE_CURVE('',#900,#854,#135,.T.);
#1140=EDGE_CURVE('',#899,#855,#136,.T.);
#1141=EDGE_CURVE('',#901,#857,#137,.T.);
#1142=EDGE_CURVE('',#902,#856,#138,.T.);
#1143=EDGE_CURVE('',#904,#858,#139,.T.);
#1144=EDGE_CURVE('',#903,#859,#140,.T.);
#1145=EDGE_CURVE('',#905,#861,#141,.T.);
#1146=EDGE_CURVE('',#906,#860,#142,.T.);
#1147=EDGE_CURVE('',#908,#862,#143,.T.);
#1148=EDGE_CURVE('',#907,#863,#144,.T.);
#1149=EDGE_CURVE('',#909,#865,#145,.T.);
#1150=EDGE_CURVE('',#910,#864,#146,.T.);
#1151=EDGE_CURVE('',#912,#866,#147,.T.);
#1152=EDGE_CURVE('',#911,#867,#148,.T.);
#1153=EDGE_CURVE('',#913,#869,#149,.T.);
#1154=EDGE_CURVE('',#914,#868,#150,.T.);
#1155=EDGE_CURVE('',#916,#870,#151,.T.);
#1156=EDGE_CURVE('',#915,#871,#152,.T.);
#1157=EDGE_CURVE('',#917,#873,#153,.T.);
#1158=EDGE_CURVE('',#918,#872,#154,.T.);
#1159=EDGE_CURVE('',#920,#874,#155,.T.);
#1160=EDGE_CURVE('',#919,#875,#156,.T.);
#1161=EDGE_CURVE('',#921,#877,#157,.T.);
#1162=EDGE_CURVE('',#922,#876,#158,.T.);
#1163=EDGE_CURVE('',#924,#878,#159,.T.);
#1164=EDGE_CURVE('',#923,#879,#160,.T.);
#1165=EDGE_CURVE('',#925,#881,#161,.T.);
#1166=EDGE_CURVE('',#926,#880,#162,.T.);
#1167=EDGE_CURVE('',#928,#882,#163,.T.);
#1168=EDGE_CURVE('',#927,#883,#164,.T.);
#1169=EDGE_CURVE('',#933,#934,#781,.T.);
#1170=EDGE_CURVE('',#935,#933,#165,.T.);
#1171=EDGE_CURVE('',#936,#935,#782,.T.);
#1172=EDGE_CURVE('',#937,#936,#166,.T.);
#1173=EDGE_CURVE('',#938,#937,#783,.T.);
#1174=EDGE_CURVE('',#939,#938,#167,.T.);
#1175=EDGE_CURVE('',#940,#939,#784,.T.);
#1176=EDGE_CURVE('',#934,#940,#168,.T.);
#1177=EDGE_CURVE('',#941,#941,#785,.T.);
#1178=EDGE_CURVE('',#942,#942,#786,.T.);
#1179=EDGE_CURVE('',#943,#943,#787,.T.);
#1180=EDGE_CURVE('',#944,#944,#788,.T.);
#1181=EDGE_CURVE('',#937,#945,#169,.T.);
#1182=EDGE_CURVE('',#946,#945,#789,.T.);
#1183=EDGE_CURVE('',#938,#946,#170,.T.);
#1184=EDGE_CURVE('',#936,#947,#171,.T.);
#1185=EDGE_CURVE('',#945,#947,#172,.T.);
#1186=EDGE_CURVE('',#935,#948,#173,.T.);
#1187=EDGE_CURVE('',#947,#948,#790,.T.);
#1188=EDGE_CURVE('',#933,#949,#174,.T.);
#1189=EDGE_CURVE('',#948,#949,#175,.T.);
#1190=EDGE_CURVE('',#950,#951,#176,.T.);
#1191=EDGE_CURVE('',#952,#951,#791,.T.);
#1192=EDGE_CURVE('',#952,#953,#177,.T.);
#1193=EDGE_CURVE('',#954,#953,#792,.T.);
#1194=EDGE_CURVE('',#954,#955,#178,.T.);
#1195=EDGE_CURVE('',#956,#955,#793,.T.);
#1196=EDGE_CURVE('',#956,#957,#179,.T.);
#1197=EDGE_CURVE('',#950,#957,#794,.T.);
#1198=EDGE_CURVE('',#958,#959,#795,.T.);
#1199=EDGE_CURVE('',#959,#956,#180,.T.);
#1200=EDGE_CURVE('',#955,#958,#181,.T.);
#1201=EDGE_CURVE('',#960,#959,#182,.T.);
#1202=EDGE_CURVE('',#957,#960,#183,.T.);
#1203=EDGE_CURVE('',#960,#961,#796,.T.);
#1204=EDGE_CURVE('',#961,#950,#184,.T.);
#1205=EDGE_CURVE('',#962,#961,#185,.T.);
#1206=EDGE_CURVE('',#951,#962,#186,.T.);
#1207=EDGE_CURVE('',#962,#963,#797,.T.);
#1208=EDGE_CURVE('',#963,#952,#187,.T.);
#1209=EDGE_CURVE('',#964,#963,#188,.T.);
#1210=EDGE_CURVE('',#953,#964,#189,.T.);
#1211=EDGE_CURVE('',#964,#965,#798,.T.);
#1212=EDGE_CURVE('',#965,#954,#190,.T.);
#1213=EDGE_CURVE('',#958,#965,#191,.T.);
#1214=EDGE_CURVE('',#966,#946,#192,.T.);
#1215=EDGE_CURVE('',#939,#966,#193,.T.);
#1216=EDGE_CURVE('',#967,#966,#799,.T.);
#1217=EDGE_CURVE('',#940,#967,#194,.T.);
#1218=EDGE_CURVE('',#968,#967,#195,.T.);
#1219=EDGE_CURVE('',#934,#968,#196,.T.);
#1220=EDGE_CURVE('',#949,#968,#800,.T.);
#1221=EDGE_CURVE('',#969,#970,#197,.T.);
#1222=EDGE_CURVE('',#969,#971,#198,.T.);
#1223=EDGE_CURVE('',#972,#971,#199,.T.);
#1224=EDGE_CURVE('',#970,#972,#200,.T.);
#1225=EDGE_CURVE('',#973,#970,#801,.T.);
#1226=EDGE_CURVE('',#974,#972,#802,.T.);
#1227=EDGE_CURVE('',#973,#974,#201,.T.);
#1228=EDGE_CURVE('',#973,#975,#202,.T.);
#1229=EDGE_CURVE('',#976,#974,#203,.T.);
#1230=EDGE_CURVE('',#975,#976,#204,.T.);
#1231=EDGE_CURVE('',#977,#975,#803,.T.);
#1232=EDGE_CURVE('',#978,#976,#804,.T.);
#1233=EDGE_CURVE('',#977,#978,#205,.T.);
#1234=EDGE_CURVE('',#977,#979,#206,.T.);
#1235=EDGE_CURVE('',#980,#978,#207,.T.);
#1236=EDGE_CURVE('',#979,#980,#208,.T.);
#1237=EDGE_CURVE('',#981,#979,#805,.T.);
#1238=EDGE_CURVE('',#982,#980,#806,.T.);
#1239=EDGE_CURVE('',#981,#982,#209,.T.);
#1240=EDGE_CURVE('',#981,#983,#210,.T.);
#1241=EDGE_CURVE('',#984,#982,#211,.T.);
#1242=EDGE_CURVE('',#983,#984,#212,.T.);
#1243=EDGE_CURVE('',#969,#983,#807,.T.);
#1244=EDGE_CURVE('',#971,#984,#808,.T.);
#1245=EDGE_CURVE('',#985,#985,#809,.T.);
#1246=EDGE_CURVE('',#985,#986,#213,.T.);
#1247=EDGE_CURVE('',#987,#987,#810,.T.);
#1248=EDGE_CURVE('',#987,#985,#214,.T.);
#1249=EDGE_CURVE('',#988,#988,#811,.T.);
#1250=EDGE_CURVE('',#988,#944,#215,.T.);
#1251=EDGE_CURVE('',#989,#989,#812,.T.);
#1252=EDGE_CURVE('',#989,#990,#216,.T.);
#1253=EDGE_CURVE('',#991,#991,#813,.T.);
#1254=EDGE_CURVE('',#991,#989,#217,.T.);
#1255=EDGE_CURVE('',#992,#992,#814,.T.);
#1256=EDGE_CURVE('',#992,#943,#218,.T.);
#1257=EDGE_CURVE('',#993,#993,#815,.T.);
#1258=EDGE_CURVE('',#993,#994,#219,.T.);
#1259=EDGE_CURVE('',#995,#995,#816,.T.);
#1260=EDGE_CURVE('',#995,#993,#220,.T.);
#1261=EDGE_CURVE('',#996,#996,#817,.T.);
#1262=EDGE_CURVE('',#996,#942,#221,.T.);
#1263=EDGE_CURVE('',#997,#997,#818,.T.);
#1264=EDGE_CURVE('',#997,#998,#222,.T.);
#1265=EDGE_CURVE('',#999,#999,#819,.T.);
#1266=EDGE_CURVE('',#999,#997,#223,.T.);
#1267=EDGE_CURVE('',#1000,#1000,#820,.T.);
#1268=EDGE_CURVE('',#1000,#941,#224,.T.);
#1269=ORIENTED_EDGE('',*,*,#1001,.F.);
#1270=ORIENTED_EDGE('',*,*,#1002,.T.);
#1271=ORIENTED_EDGE('',*,*,#1003,.F.);
#1272=ORIENTED_EDGE('',*,*,#1004,.T.);
#1273=ORIENTED_EDGE('',*,*,#1001,.T.);
#1274=ORIENTED_EDGE('',*,*,#1004,.F.);
#1275=ORIENTED_EDGE('',*,*,#1002,.F.);
#1276=ORIENTED_EDGE('',*,*,#1005,.T.);
#1277=ORIENTED_EDGE('',*,*,#1006,.F.);
#1278=ORIENTED_EDGE('',*,*,#1005,.F.);
#1279=ORIENTED_EDGE('',*,*,#1007,.F.);
#1280=ORIENTED_EDGE('',*,*,#1008,.T.);
#1281=ORIENTED_EDGE('',*,*,#1009,.F.);
#1282=ORIENTED_EDGE('',*,*,#1010,.T.);
#1283=ORIENTED_EDGE('',*,*,#1007,.T.);
#1284=ORIENTED_EDGE('',*,*,#1010,.F.);
#1285=ORIENTED_EDGE('',*,*,#1008,.F.);
#1286=ORIENTED_EDGE('',*,*,#1011,.T.);
#1287=ORIENTED_EDGE('',*,*,#1012,.F.);
#1288=ORIENTED_EDGE('',*,*,#1011,.F.);
#1289=ORIENTED_EDGE('',*,*,#1013,.F.);
#1290=ORIENTED_EDGE('',*,*,#1014,.T.);
#1291=ORIENTED_EDGE('',*,*,#1015,.F.);
#1292=ORIENTED_EDGE('',*,*,#1016,.T.);
#1293=ORIENTED_EDGE('',*,*,#1013,.T.);
#1294=ORIENTED_EDGE('',*,*,#1016,.F.);
#1295=ORIENTED_EDGE('',*,*,#1014,.F.);
#1296=ORIENTED_EDGE('',*,*,#1017,.T.);
#1297=ORIENTED_EDGE('',*,*,#1018,.F.);
#1298=ORIENTED_EDGE('',*,*,#1017,.F.);
#1299=ORIENTED_EDGE('',*,*,#1019,.F.);
#1300=ORIENTED_EDGE('',*,*,#1020,.T.);
#1301=ORIENTED_EDGE('',*,*,#1021,.F.);
#1302=ORIENTED_EDGE('',*,*,#1022,.T.);
#1303=ORIENTED_EDGE('',*,*,#1019,.T.);
#1304=ORIENTED_EDGE('',*,*,#1022,.F.);
#1305=ORIENTED_EDGE('',*,*,#1020,.F.);
#1306=ORIENTED_EDGE('',*,*,#1023,.T.);
#1307=ORIENTED_EDGE('',*,*,#1024,.F.);
#1308=ORIENTED_EDGE('',*,*,#1023,.F.);
#1309=ORIENTED_EDGE('',*,*,#1025,.T.);
#1310=ORIENTED_EDGE('',*,*,#1026,.T.);
#1311=ORIENTED_EDGE('',*,*,#1027,.T.);
#1312=ORIENTED_EDGE('',*,*,#1028,.T.);
#1313=ORIENTED_EDGE('',*,*,#1028,.F.);
#1314=ORIENTED_EDGE('',*,*,#1029,.F.);
#1315=ORIENTED_EDGE('',*,*,#1030,.F.);
#1316=ORIENTED_EDGE('',*,*,#1031,.T.);
#1317=ORIENTED_EDGE('',*,*,#1027,.F.);
#1318=ORIENTED_EDGE('',*,*,#1032,.T.);
#1319=ORIENTED_EDGE('',*,*,#1033,.F.);
#1320=ORIENTED_EDGE('',*,*,#1034,.T.);
#1321=ORIENTED_EDGE('',*,*,#1035,.F.);
#1322=ORIENTED_EDGE('',*,*,#1036,.T.);
#1323=ORIENTED_EDGE('',*,*,#1037,.F.);
#1324=ORIENTED_EDGE('',*,*,#1029,.T.);
#1325=ORIENTED_EDGE('',*,*,#1009,.T.);
#1326=ORIENTED_EDGE('',*,*,#1021,.T.);
#1327=ORIENTED_EDGE('',*,*,#1038,.T.);
#1328=ORIENTED_EDGE('',*,*,#1039,.T.);
#1329=ORIENTED_EDGE('',*,*,#1040,.T.);
#1330=ORIENTED_EDGE('',*,*,#1041,.T.);
#1331=ORIENTED_EDGE('',*,*,#1042,.T.);
#1332=ORIENTED_EDGE('',*,*,#1043,.T.);
#1333=ORIENTED_EDGE('',*,*,#1044,.T.);
#1334=ORIENTED_EDGE('',*,*,#1045,.T.);
#1335=ORIENTED_EDGE('',*,*,#1046,.T.);
#1336=ORIENTED_EDGE('',*,*,#1047,.T.);
#1337=ORIENTED_EDGE('',*,*,#1048,.T.);
#1338=ORIENTED_EDGE('',*,*,#1049,.T.);
#1339=ORIENTED_EDGE('',*,*,#1050,.T.);
#1340=ORIENTED_EDGE('',*,*,#1051,.T.);
#1341=ORIENTED_EDGE('',*,*,#1052,.T.);
#1342=ORIENTED_EDGE('',*,*,#1053,.T.);
#1343=ORIENTED_EDGE('',*,*,#1054,.T.);
#1344=ORIENTED_EDGE('',*,*,#1055,.T.);
#1345=ORIENTED_EDGE('',*,*,#1056,.T.);
#1346=ORIENTED_EDGE('',*,*,#1057,.T.);
#1347=ORIENTED_EDGE('',*,*,#1058,.T.);
#1348=ORIENTED_EDGE('',*,*,#1059,.T.);
#1349=ORIENTED_EDGE('',*,*,#1060,.T.);
#1350=ORIENTED_EDGE('',*,*,#1061,.T.);
#1351=ORIENTED_EDGE('',*,*,#1062,.T.);
#1352=ORIENTED_EDGE('',*,*,#1063,.T.);
#1353=ORIENTED_EDGE('',*,*,#1064,.T.);
#1354=ORIENTED_EDGE('',*,*,#1065,.T.);
#1355=ORIENTED_EDGE('',*,*,#1066,.T.);
#1356=ORIENTED_EDGE('',*,*,#1067,.T.);
#1357=ORIENTED_EDGE('',*,*,#1068,.T.);
#1358=ORIENTED_EDGE('',*,*,#1069,.T.);
#1359=ORIENTED_EDGE('',*,*,#1070,.T.);
#1360=ORIENTED_EDGE('',*,*,#1071,.T.);
#1361=ORIENTED_EDGE('',*,*,#1072,.T.);
#1362=ORIENTED_EDGE('',*,*,#1073,.T.);
#1363=ORIENTED_EDGE('',*,*,#1074,.T.);
#1364=ORIENTED_EDGE('',*,*,#1075,.T.);
#1365=ORIENTED_EDGE('',*,*,#1076,.T.);
#1366=ORIENTED_EDGE('',*,*,#1077,.T.);
#1367=ORIENTED_EDGE('',*,*,#1015,.T.);
#1368=ORIENTED_EDGE('',*,*,#1003,.T.);
#1369=ORIENTED_EDGE('',*,*,#1078,.T.);
#1370=ORIENTED_EDGE('',*,*,#1079,.T.);
#1371=ORIENTED_EDGE('',*,*,#1033,.T.);
#1372=ORIENTED_EDGE('',*,*,#1080,.T.);
#1373=ORIENTED_EDGE('',*,*,#1079,.F.);
#1374=ORIENTED_EDGE('',*,*,#1081,.T.);
#1375=ORIENTED_EDGE('',*,*,#1082,.F.);
#1376=ORIENTED_EDGE('',*,*,#1034,.F.);
#1377=ORIENTED_EDGE('',*,*,#1026,.F.);
#1378=ORIENTED_EDGE('',*,*,#1083,.T.);
#1379=ORIENTED_EDGE('',*,*,#1080,.F.);
#1380=ORIENTED_EDGE('',*,*,#1032,.F.);
#1381=ORIENTED_EDGE('',*,*,#1084,.T.);
#1382=ORIENTED_EDGE('',*,*,#1085,.T.);
#1383=ORIENTED_EDGE('',*,*,#1035,.T.);
#1384=ORIENTED_EDGE('',*,*,#1082,.T.);
#1385=ORIENTED_EDGE('',*,*,#1085,.F.);
#1386=ORIENTED_EDGE('',*,*,#1086,.T.);
#1387=ORIENTED_EDGE('',*,*,#1087,.F.);
#1388=ORIENTED_EDGE('',*,*,#1036,.F.);
#1389=ORIENTED_EDGE('',*,*,#1025,.F.);
#1390=ORIENTED_EDGE('',*,*,#1031,.F.);
#1391=ORIENTED_EDGE('',*,*,#1088,.F.);
#1392=ORIENTED_EDGE('',*,*,#1086,.F.);
#1393=ORIENTED_EDGE('',*,*,#1084,.F.);
#1394=ORIENTED_EDGE('',*,*,#1081,.F.);
#1395=ORIENTED_EDGE('',*,*,#1078,.F.);
#1396=ORIENTED_EDGE('',*,*,#1083,.F.);
#1397=ORIENTED_EDGE('',*,*,#1012,.T.);
#1398=ORIENTED_EDGE('',*,*,#1024,.T.);
#1399=ORIENTED_EDGE('',*,*,#1089,.T.);
#1400=ORIENTED_EDGE('',*,*,#1090,.T.);
#1401=ORIENTED_EDGE('',*,*,#1091,.T.);
#1402=ORIENTED_EDGE('',*,*,#1092,.T.);
#1403=ORIENTED_EDGE('',*,*,#1093,.T.);
#1404=ORIENTED_EDGE('',*,*,#1094,.T.);
#1405=ORIENTED_EDGE('',*,*,#1095,.T.);
#1406=ORIENTED_EDGE('',*,*,#1096,.T.);
#1407=ORIENTED_EDGE('',*,*,#1097,.T.);
#1408=ORIENTED_EDGE('',*,*,#1098,.T.);
#1409=ORIENTED_EDGE('',*,*,#1099,.T.);
#1410=ORIENTED_EDGE('',*,*,#1100,.T.);
#1411=ORIENTED_EDGE('',*,*,#1101,.T.);
#1412=ORIENTED_EDGE('',*,*,#1102,.T.);
#1413=ORIENTED_EDGE('',*,*,#1103,.T.);
#1414=ORIENTED_EDGE('',*,*,#1104,.T.);
#1415=ORIENTED_EDGE('',*,*,#1105,.T.);
#1416=ORIENTED_EDGE('',*,*,#1106,.T.);
#1417=ORIENTED_EDGE('',*,*,#1107,.T.);
#1418=ORIENTED_EDGE('',*,*,#1108,.T.);
#1419=ORIENTED_EDGE('',*,*,#1109,.T.);
#1420=ORIENTED_EDGE('',*,*,#1110,.T.);
#1421=ORIENTED_EDGE('',*,*,#1111,.T.);
#1422=ORIENTED_EDGE('',*,*,#1112,.T.);
#1423=ORIENTED_EDGE('',*,*,#1113,.T.);
#1424=ORIENTED_EDGE('',*,*,#1114,.T.);
#1425=ORIENTED_EDGE('',*,*,#1115,.T.);
#1426=ORIENTED_EDGE('',*,*,#1116,.T.);
#1427=ORIENTED_EDGE('',*,*,#1117,.T.);
#1428=ORIENTED_EDGE('',*,*,#1118,.T.);
#1429=ORIENTED_EDGE('',*,*,#1119,.T.);
#1430=ORIENTED_EDGE('',*,*,#1120,.T.);
#1431=ORIENTED_EDGE('',*,*,#1121,.T.);
#1432=ORIENTED_EDGE('',*,*,#1122,.T.);
#1433=ORIENTED_EDGE('',*,*,#1123,.T.);
#1434=ORIENTED_EDGE('',*,*,#1124,.T.);
#1435=ORIENTED_EDGE('',*,*,#1125,.T.);
#1436=ORIENTED_EDGE('',*,*,#1126,.T.);
#1437=ORIENTED_EDGE('',*,*,#1127,.T.);
#1438=ORIENTED_EDGE('',*,*,#1128,.T.);
#1439=ORIENTED_EDGE('',*,*,#1018,.T.);
#1440=ORIENTED_EDGE('',*,*,#1006,.T.);
#1441=ORIENTED_EDGE('',*,*,#1037,.T.);
#1442=ORIENTED_EDGE('',*,*,#1087,.T.);
#1443=ORIENTED_EDGE('',*,*,#1088,.T.);
#1444=ORIENTED_EDGE('',*,*,#1030,.T.);
#1445=ORIENTED_EDGE('',*,*,#1076,.F.);
#1446=ORIENTED_EDGE('',*,*,#1129,.T.);
#1447=ORIENTED_EDGE('',*,*,#1127,.F.);
#1448=ORIENTED_EDGE('',*,*,#1130,.F.);
#1449=ORIENTED_EDGE('',*,*,#1077,.F.);
#1450=ORIENTED_EDGE('',*,*,#1130,.T.);
#1451=ORIENTED_EDGE('',*,*,#1126,.F.);
#1452=ORIENTED_EDGE('',*,*,#1131,.F.);
#1453=ORIENTED_EDGE('',*,*,#1074,.F.);
#1454=ORIENTED_EDGE('',*,*,#1131,.T.);
#1455=ORIENTED_EDGE('',*,*,#1125,.F.);
#1456=ORIENTED_EDGE('',*,*,#1132,.F.);
#1457=ORIENTED_EDGE('',*,*,#1075,.F.);
#1458=ORIENTED_EDGE('',*,*,#1132,.T.);
#1459=ORIENTED_EDGE('',*,*,#1128,.F.);
#1460=ORIENTED_EDGE('',*,*,#1129,.F.);
#1461=ORIENTED_EDGE('',*,*,#1089,.F.);
#1462=ORIENTED_EDGE('',*,*,#1133,.T.);
#1463=ORIENTED_EDGE('',*,*,#1038,.F.);
#1464=ORIENTED_EDGE('',*,*,#1134,.F.);
#1465=ORIENTED_EDGE('',*,*,#1092,.F.);
#1466=ORIENTED_EDGE('',*,*,#1135,.T.);
#1467=ORIENTED_EDGE('',*,*,#1039,.F.);
#1468=ORIENTED_EDGE('',*,*,#1133,.F.);
#1469=ORIENTED_EDGE('',*,*,#1091,.F.);
#1470=ORIENTED_EDGE('',*,*,#1136,.T.);
#1471=ORIENTED_EDGE('',*,*,#1040,.F.);
#1472=ORIENTED_EDGE('',*,*,#1135,.F.);
#1473=ORIENTED_EDGE('',*,*,#1090,.F.);
#1474=ORIENTED_EDGE('',*,*,#1134,.T.);
#1475=ORIENTED_EDGE('',*,*,#1041,.F.);
#1476=ORIENTED_EDGE('',*,*,#1136,.F.);
#1477=ORIENTED_EDGE('',*,*,#1093,.F.);
#1478=ORIENTED_EDGE('',*,*,#1137,.T.);
#1479=ORIENTED_EDGE('',*,*,#1042,.F.);
#1480=ORIENTED_EDGE('',*,*,#1138,.F.);
#1481=ORIENTED_EDGE('',*,*,#1096,.F.);
#1482=ORIENTED_EDGE('',*,*,#1139,.T.);
#1483=ORIENTED_EDGE('',*,*,#1043,.F.);
#1484=ORIENTED_EDGE('',*,*,#1137,.F.);
#1485=ORIENTED_EDGE('',*,*,#1095,.F.);
#1486=ORIENTED_EDGE('',*,*,#1140,.T.);
#1487=ORIENTED_EDGE('',*,*,#1044,.F.);
#1488=ORIENTED_EDGE('',*,*,#1139,.F.);
#1489=ORIENTED_EDGE('',*,*,#1094,.F.);
#1490=ORIENTED_EDGE('',*,*,#1138,.T.);
#1491=ORIENTED_EDGE('',*,*,#1045,.F.);
#1492=ORIENTED_EDGE('',*,*,#1140,.F.);
#1493=ORIENTED_EDGE('',*,*,#1097,.F.);
#1494=ORIENTED_EDGE('',*,*,#1141,.T.);
#1495=ORIENTED_EDGE('',*,*,#1046,.F.);
#1496=ORIENTED_EDGE('',*,*,#1142,.F.);
#1497=ORIENTED_EDGE('',*,*,#1100,.F.);
#1498=ORIENTED_EDGE('',*,*,#1143,.T.);
#1499=ORIENTED_EDGE('',*,*,#1047,.F.);
#1500=ORIENTED_EDGE('',*,*,#1141,.F.);
#1501=ORIENTED_EDGE('',*,*,#1099,.F.);
#1502=ORIENTED_EDGE('',*,*,#1144,.T.);
#1503=ORIENTED_EDGE('',*,*,#1048,.F.);
#1504=ORIENTED_EDGE('',*,*,#1143,.F.);
#1505=ORIENTED_EDGE('',*,*,#1098,.F.);
#1506=ORIENTED_EDGE('',*,*,#1142,.T.);
#1507=ORIENTED_EDGE('',*,*,#1049,.F.);
#1508=ORIENTED_EDGE('',*,*,#1144,.F.);
#1509=ORIENTED_EDGE('',*,*,#1101,.F.);
#1510=ORIENTED_EDGE('',*,*,#1145,.T.);
#1511=ORIENTED_EDGE('',*,*,#1050,.F.);
#1512=ORIENTED_EDGE('',*,*,#1146,.F.);
#1513=ORIENTED_EDGE('',*,*,#1104,.F.);
#1514=ORIENTED_EDGE('',*,*,#1147,.T.);
#1515=ORIENTED_EDGE('',*,*,#1051,.F.);
#1516=ORIENTED_EDGE('',*,*,#1145,.F.);
#1517=ORIENTED_EDGE('',*,*,#1103,.F.);
#1518=ORIENTED_EDGE('',*,*,#1148,.T.);
#1519=ORIENTED_EDGE('',*,*,#1052,.F.);
#1520=ORIENTED_EDGE('',*,*,#1147,.F.);
#1521=ORIENTED_EDGE('',*,*,#1102,.F.);
#1522=ORIENTED_EDGE('',*,*,#1146,.T.);
#1523=ORIENTED_EDGE('',*,*,#1053,.F.);
#1524=ORIENTED_EDGE('',*,*,#1148,.F.);
#1525=ORIENTED_EDGE('',*,*,#1105,.F.);
#1526=ORIENTED_EDGE('',*,*,#1149,.T.);
#1527=ORIENTED_EDGE('',*,*,#1054,.F.);
#1528=ORIENTED_EDGE('',*,*,#1150,.F.);
#1529=ORIENTED_EDGE('',*,*,#1108,.F.);
#1530=ORIENTED_EDGE('',*,*,#1151,.T.);
#1531=ORIENTED_EDGE('',*,*,#1055,.F.);
#1532=ORIENTED_EDGE('',*,*,#1149,.F.);
#1533=ORIENTED_EDGE('',*,*,#1107,.F.);
#1534=ORIENTED_EDGE('',*,*,#1152,.T.);
#1535=ORIENTED_EDGE('',*,*,#1056,.F.);
#1536=ORIENTED_EDGE('',*,*,#1151,.F.);
#1537=ORIENTED_EDGE('',*,*,#1106,.F.);
#1538=ORIENTED_EDGE('',*,*,#1150,.T.);
#1539=ORIENTED_EDGE('',*,*,#1057,.F.);
#1540=ORIENTED_EDGE('',*,*,#1152,.F.);
#1541=ORIENTED_EDGE('',*,*,#1109,.F.);
#1542=ORIENTED_EDGE('',*,*,#1153,.T.);
#1543=ORIENTED_EDGE('',*,*,#1058,.F.);
#1544=ORIENTED_EDGE('',*,*,#1154,.F.);
#1545=ORIENTED_EDGE('',*,*,#1112,.F.);
#1546=ORIENTED_EDGE('',*,*,#1155,.T.);
#1547=ORIENTED_EDGE('',*,*,#1059,.F.);
#1548=ORIENTED_EDGE('',*,*,#1153,.F.);
#1549=ORIENTED_EDGE('',*,*,#1111,.F.);
#1550=ORIENTED_EDGE('',*,*,#1156,.T.);
#1551=ORIENTED_EDGE('',*,*,#1060,.F.);
#1552=ORIENTED_EDGE('',*,*,#1155,.F.);
#1553=ORIENTED_EDGE('',*,*,#1110,.F.);
#1554=ORIENTED_EDGE('',*,*,#1154,.T.);
#1555=ORIENTED_EDGE('',*,*,#1061,.F.);
#1556=ORIENTED_EDGE('',*,*,#1156,.F.);
#1557=ORIENTED_EDGE('',*,*,#1113,.F.);
#1558=ORIENTED_EDGE('',*,*,#1157,.T.);
#1559=ORIENTED_EDGE('',*,*,#1062,.F.);
#1560=ORIENTED_EDGE('',*,*,#1158,.F.);
#1561=ORIENTED_EDGE('',*,*,#1116,.F.);
#1562=ORIENTED_EDGE('',*,*,#1159,.T.);
#1563=ORIENTED_EDGE('',*,*,#1063,.F.);
#1564=ORIENTED_EDGE('',*,*,#1157,.F.);
#1565=ORIENTED_EDGE('',*,*,#1115,.F.);
#1566=ORIENTED_EDGE('',*,*,#1160,.T.);
#1567=ORIENTED_EDGE('',*,*,#1064,.F.);
#1568=ORIENTED_EDGE('',*,*,#1159,.F.);
#1569=ORIENTED_EDGE('',*,*,#1114,.F.);
#1570=ORIENTED_EDGE('',*,*,#1158,.T.);
#1571=ORIENTED_EDGE('',*,*,#1065,.F.);
#1572=ORIENTED_EDGE('',*,*,#1160,.F.);
#1573=ORIENTED_EDGE('',*,*,#1117,.F.);
#1574=ORIENTED_EDGE('',*,*,#1161,.T.);
#1575=ORIENTED_EDGE('',*,*,#1066,.F.);
#1576=ORIENTED_EDGE('',*,*,#1162,.F.);
#1577=ORIENTED_EDGE('',*,*,#1120,.F.);
#1578=ORIENTED_EDGE('',*,*,#1163,.T.);
#1579=ORIENTED_EDGE('',*,*,#1067,.F.);
#1580=ORIENTED_EDGE('',*,*,#1161,.F.);
#1581=ORIENTED_EDGE('',*,*,#1119,.F.);
#1582=ORIENTED_EDGE('',*,*,#1164,.T.);
#1583=ORIENTED_EDGE('',*,*,#1068,.F.);
#1584=ORIENTED_EDGE('',*,*,#1163,.F.);
#1585=ORIENTED_EDGE('',*,*,#1118,.F.);
#1586=ORIENTED_EDGE('',*,*,#1162,.T.);
#1587=ORIENTED_EDGE('',*,*,#1069,.F.);
#1588=ORIENTED_EDGE('',*,*,#1164,.F.);
#1589=ORIENTED_EDGE('',*,*,#1121,.F.);
#1590=ORIENTED_EDGE('',*,*,#1165,.T.);
#1591=ORIENTED_EDGE('',*,*,#1070,.F.);
#1592=ORIENTED_EDGE('',*,*,#1166,.F.);
#1593=ORIENTED_EDGE('',*,*,#1124,.F.);
#1594=ORIENTED_EDGE('',*,*,#1167,.T.);
#1595=ORIENTED_EDGE('',*,*,#1071,.F.);
#1596=ORIENTED_EDGE('',*,*,#1165,.F.);
#1597=ORIENTED_EDGE('',*,*,#1123,.F.);
#1598=ORIENTED_EDGE('',*,*,#1168,.T.);
#1599=ORIENTED_EDGE('',*,*,#1072,.F.);
#1600=ORIENTED_EDGE('',*,*,#1167,.F.);
#1601=ORIENTED_EDGE('',*,*,#1122,.F.);
#1602=ORIENTED_EDGE('',*,*,#1166,.T.);
#1603=ORIENTED_EDGE('',*,*,#1073,.F.);
#1604=ORIENTED_EDGE('',*,*,#1168,.F.);
#1605=ORIENTED_EDGE('',*,*,#1169,.F.);
#1606=ORIENTED_EDGE('',*,*,#1170,.F.);
#1607=ORIENTED_EDGE('',*,*,#1171,.F.);
#1608=ORIENTED_EDGE('',*,*,#1172,.F.);
#1609=ORIENTED_EDGE('',*,*,#1173,.F.);
#1610=ORIENTED_EDGE('',*,*,#1174,.F.);
#1611=ORIENTED_EDGE('',*,*,#1175,.F.);
#1612=ORIENTED_EDGE('',*,*,#1176,.F.);
#1613=ORIENTED_EDGE('',*,*,#1177,.F.);
#1614=ORIENTED_EDGE('',*,*,#1178,.F.);
#1615=ORIENTED_EDGE('',*,*,#1179,.F.);
#1616=ORIENTED_EDGE('',*,*,#1180,.F.);
#1617=ORIENTED_EDGE('',*,*,#1173,.T.);
#1618=ORIENTED_EDGE('',*,*,#1181,.T.);
#1619=ORIENTED_EDGE('',*,*,#1182,.F.);
#1620=ORIENTED_EDGE('',*,*,#1183,.F.);
#1621=ORIENTED_EDGE('',*,*,#1172,.T.);
#1622=ORIENTED_EDGE('',*,*,#1184,.T.);
#1623=ORIENTED_EDGE('',*,*,#1185,.F.);
#1624=ORIENTED_EDGE('',*,*,#1181,.F.);
#1625=ORIENTED_EDGE('',*,*,#1171,.T.);
#1626=ORIENTED_EDGE('',*,*,#1186,.T.);
#1627=ORIENTED_EDGE('',*,*,#1187,.F.);
#1628=ORIENTED_EDGE('',*,*,#1184,.F.);
#1629=ORIENTED_EDGE('',*,*,#1170,.T.);
#1630=ORIENTED_EDGE('',*,*,#1188,.T.);
#1631=ORIENTED_EDGE('',*,*,#1189,.F.);
#1632=ORIENTED_EDGE('',*,*,#1186,.F.);
#1633=ORIENTED_EDGE('',*,*,#1190,.T.);
#1634=ORIENTED_EDGE('',*,*,#1191,.F.);
#1635=ORIENTED_EDGE('',*,*,#1192,.T.);
#1636=ORIENTED_EDGE('',*,*,#1193,.F.);
#1637=ORIENTED_EDGE('',*,*,#1194,.T.);
#1638=ORIENTED_EDGE('',*,*,#1195,.F.);
#1639=ORIENTED_EDGE('',*,*,#1196,.T.);
#1640=ORIENTED_EDGE('',*,*,#1197,.F.);
#1641=ORIENTED_EDGE('',*,*,#1198,.T.);
#1642=ORIENTED_EDGE('',*,*,#1199,.T.);
#1643=ORIENTED_EDGE('',*,*,#1195,.T.);
#1644=ORIENTED_EDGE('',*,*,#1200,.T.);
#1645=ORIENTED_EDGE('',*,*,#1199,.F.);
#1646=ORIENTED_EDGE('',*,*,#1201,.F.);
#1647=ORIENTED_EDGE('',*,*,#1202,.F.);
#1648=ORIENTED_EDGE('',*,*,#1196,.F.);
#1649=ORIENTED_EDGE('',*,*,#1203,.T.);
#1650=ORIENTED_EDGE('',*,*,#1204,.T.);
#1651=ORIENTED_EDGE('',*,*,#1197,.T.);
#1652=ORIENTED_EDGE('',*,*,#1202,.T.);
#1653=ORIENTED_EDGE('',*,*,#1204,.F.);
#1654=ORIENTED_EDGE('',*,*,#1205,.F.);
#1655=ORIENTED_EDGE('',*,*,#1206,.F.);
#1656=ORIENTED_EDGE('',*,*,#1190,.F.);
#1657=ORIENTED_EDGE('',*,*,#1207,.T.);
#1658=ORIENTED_EDGE('',*,*,#1208,.T.);
#1659=ORIENTED_EDGE('',*,*,#1191,.T.);
#1660=ORIENTED_EDGE('',*,*,#1206,.T.);
#1661=ORIENTED_EDGE('',*,*,#1208,.F.);
#1662=ORIENTED_EDGE('',*,*,#1209,.F.);
#1663=ORIENTED_EDGE('',*,*,#1210,.F.);
#1664=ORIENTED_EDGE('',*,*,#1192,.F.);
#1665=ORIENTED_EDGE('',*,*,#1211,.T.);
#1666=ORIENTED_EDGE('',*,*,#1212,.T.);
#1667=ORIENTED_EDGE('',*,*,#1193,.T.);
#1668=ORIENTED_EDGE('',*,*,#1210,.T.);
#1669=ORIENTED_EDGE('',*,*,#1200,.F.);
#1670=ORIENTED_EDGE('',*,*,#1194,.F.);
#1671=ORIENTED_EDGE('',*,*,#1212,.F.);
#1672=ORIENTED_EDGE('',*,*,#1213,.F.);
#1673=ORIENTED_EDGE('',*,*,#1174,.T.);
#1674=ORIENTED_EDGE('',*,*,#1183,.T.);
#1675=ORIENTED_EDGE('',*,*,#1214,.F.);
#1676=ORIENTED_EDGE('',*,*,#1215,.F.);
#1677=ORIENTED_EDGE('',*,*,#1175,.T.);
#1678=ORIENTED_EDGE('',*,*,#1215,.T.);
#1679=ORIENTED_EDGE('',*,*,#1216,.F.);
#1680=ORIENTED_EDGE('',*,*,#1217,.F.);
#1681=ORIENTED_EDGE('',*,*,#1176,.T.);
#1682=ORIENTED_EDGE('',*,*,#1217,.T.);
#1683=ORIENTED_EDGE('',*,*,#1218,.F.);
#1684=ORIENTED_EDGE('',*,*,#1219,.F.);
#1685=ORIENTED_EDGE('',*,*,#1169,.T.);
#1686=ORIENTED_EDGE('',*,*,#1219,.T.);
#1687=ORIENTED_EDGE('',*,*,#1220,.F.);
#1688=ORIENTED_EDGE('',*,*,#1188,.F.);
#1689=ORIENTED_EDGE('',*,*,#1221,.F.);
#1690=ORIENTED_EDGE('',*,*,#1222,.T.);
#1691=ORIENTED_EDGE('',*,*,#1223,.F.);
#1692=ORIENTED_EDGE('',*,*,#1224,.F.);
#1693=ORIENTED_EDGE('',*,*,#1225,.T.);
#1694=ORIENTED_EDGE('',*,*,#1224,.T.);
#1695=ORIENTED_EDGE('',*,*,#1226,.F.);
#1696=ORIENTED_EDGE('',*,*,#1227,.F.);
#1697=ORIENTED_EDGE('',*,*,#1228,.F.);
#1698=ORIENTED_EDGE('',*,*,#1227,.T.);
#1699=ORIENTED_EDGE('',*,*,#1229,.F.);
#1700=ORIENTED_EDGE('',*,*,#1230,.F.);
#1701=ORIENTED_EDGE('',*,*,#1205,.T.);
#1702=ORIENTED_EDGE('',*,*,#1203,.F.);
#1703=ORIENTED_EDGE('',*,*,#1201,.T.);
#1704=ORIENTED_EDGE('',*,*,#1198,.F.);
#1705=ORIENTED_EDGE('',*,*,#1213,.T.);
#1706=ORIENTED_EDGE('',*,*,#1211,.F.);
#1707=ORIENTED_EDGE('',*,*,#1209,.T.);
#1708=ORIENTED_EDGE('',*,*,#1207,.F.);
#1709=ORIENTED_EDGE('',*,*,#1231,.T.);
#1710=ORIENTED_EDGE('',*,*,#1230,.T.);
#1711=ORIENTED_EDGE('',*,*,#1232,.F.);
#1712=ORIENTED_EDGE('',*,*,#1233,.F.);
#1713=ORIENTED_EDGE('',*,*,#1234,.F.);
#1714=ORIENTED_EDGE('',*,*,#1233,.T.);
#1715=ORIENTED_EDGE('',*,*,#1235,.F.);
#1716=ORIENTED_EDGE('',*,*,#1236,.F.);
#1717=ORIENTED_EDGE('',*,*,#1237,.T.);
#1718=ORIENTED_EDGE('',*,*,#1236,.T.);
#1719=ORIENTED_EDGE('',*,*,#1238,.F.);
#1720=ORIENTED_EDGE('',*,*,#1239,.F.);
#1721=ORIENTED_EDGE('',*,*,#1240,.F.);
#1722=ORIENTED_EDGE('',*,*,#1239,.T.);
#1723=ORIENTED_EDGE('',*,*,#1241,.F.);
#1724=ORIENTED_EDGE('',*,*,#1242,.F.);
#1725=ORIENTED_EDGE('',*,*,#1243,.T.);
#1726=ORIENTED_EDGE('',*,*,#1242,.T.);
#1727=ORIENTED_EDGE('',*,*,#1244,.F.);
#1728=ORIENTED_EDGE('',*,*,#1222,.F.);
#1729=ORIENTED_EDGE('',*,*,#1244,.T.);
#1730=ORIENTED_EDGE('',*,*,#1241,.T.);
#1731=ORIENTED_EDGE('',*,*,#1238,.T.);
#1732=ORIENTED_EDGE('',*,*,#1235,.T.);
#1733=ORIENTED_EDGE('',*,*,#1232,.T.);
#1734=ORIENTED_EDGE('',*,*,#1229,.T.);
#1735=ORIENTED_EDGE('',*,*,#1226,.T.);
#1736=ORIENTED_EDGE('',*,*,#1223,.T.);
#1737=ORIENTED_EDGE('',*,*,#1220,.T.);
#1738=ORIENTED_EDGE('',*,*,#1218,.T.);
#1739=ORIENTED_EDGE('',*,*,#1216,.T.);
#1740=ORIENTED_EDGE('',*,*,#1214,.T.);
#1741=ORIENTED_EDGE('',*,*,#1182,.T.);
#1742=ORIENTED_EDGE('',*,*,#1185,.T.);
#1743=ORIENTED_EDGE('',*,*,#1187,.T.);
#1744=ORIENTED_EDGE('',*,*,#1189,.T.);
#1745=ORIENTED_EDGE('',*,*,#1243,.F.);
#1746=ORIENTED_EDGE('',*,*,#1221,.T.);
#1747=ORIENTED_EDGE('',*,*,#1225,.F.);
#1748=ORIENTED_EDGE('',*,*,#1228,.T.);
#1749=ORIENTED_EDGE('',*,*,#1231,.F.);
#1750=ORIENTED_EDGE('',*,*,#1234,.T.);
#1751=ORIENTED_EDGE('',*,*,#1237,.F.);
#1752=ORIENTED_EDGE('',*,*,#1240,.T.);
#1753=ORIENTED_EDGE('',*,*,#1245,.F.);
#1754=ORIENTED_EDGE('',*,*,#1246,.T.);
#1755=ORIENTED_EDGE('',*,*,#1246,.F.);
#1756=ORIENTED_EDGE('',*,*,#1247,.F.);
#1757=ORIENTED_EDGE('',*,*,#1248,.T.);
#1758=ORIENTED_EDGE('',*,*,#1245,.T.);
#1759=ORIENTED_EDGE('',*,*,#1248,.F.);
#1760=ORIENTED_EDGE('',*,*,#1249,.F.);
#1761=ORIENTED_EDGE('',*,*,#1250,.T.);
#1762=ORIENTED_EDGE('',*,*,#1180,.T.);
#1763=ORIENTED_EDGE('',*,*,#1250,.F.);
#1764=ORIENTED_EDGE('',*,*,#1249,.T.);
#1765=ORIENTED_EDGE('',*,*,#1247,.T.);
#1766=ORIENTED_EDGE('',*,*,#1251,.F.);
#1767=ORIENTED_EDGE('',*,*,#1252,.T.);
#1768=ORIENTED_EDGE('',*,*,#1252,.F.);
#1769=ORIENTED_EDGE('',*,*,#1253,.F.);
#1770=ORIENTED_EDGE('',*,*,#1254,.T.);
#1771=ORIENTED_EDGE('',*,*,#1251,.T.);
#1772=ORIENTED_EDGE('',*,*,#1254,.F.);
#1773=ORIENTED_EDGE('',*,*,#1255,.F.);
#1774=ORIENTED_EDGE('',*,*,#1256,.T.);
#1775=ORIENTED_EDGE('',*,*,#1179,.T.);
#1776=ORIENTED_EDGE('',*,*,#1256,.F.);
#1777=ORIENTED_EDGE('',*,*,#1255,.T.);
#1778=ORIENTED_EDGE('',*,*,#1253,.T.);
#1779=ORIENTED_EDGE('',*,*,#1257,.F.);
#1780=ORIENTED_EDGE('',*,*,#1258,.T.);
#1781=ORIENTED_EDGE('',*,*,#1258,.F.);
#1782=ORIENTED_EDGE('',*,*,#1259,.F.);
#1783=ORIENTED_EDGE('',*,*,#1260,.T.);
#1784=ORIENTED_EDGE('',*,*,#1257,.T.);
#1785=ORIENTED_EDGE('',*,*,#1260,.F.);
#1786=ORIENTED_EDGE('',*,*,#1261,.F.);
#1787=ORIENTED_EDGE('',*,*,#1262,.T.);
#1788=ORIENTED_EDGE('',*,*,#1178,.T.);
#1789=ORIENTED_EDGE('',*,*,#1262,.F.);
#1790=ORIENTED_EDGE('',*,*,#1261,.T.);
#1791=ORIENTED_EDGE('',*,*,#1259,.T.);
#1792=ORIENTED_EDGE('',*,*,#1263,.F.);
#1793=ORIENTED_EDGE('',*,*,#1264,.T.);
#1794=ORIENTED_EDGE('',*,*,#1264,.F.);
#1795=ORIENTED_EDGE('',*,*,#1265,.F.);
#1796=ORIENTED_EDGE('',*,*,#1266,.T.);
#1797=ORIENTED_EDGE('',*,*,#1263,.T.);
#1798=ORIENTED_EDGE('',*,*,#1266,.F.);
#1799=ORIENTED_EDGE('',*,*,#1267,.F.);
#1800=ORIENTED_EDGE('',*,*,#1268,.T.);
#1801=ORIENTED_EDGE('',*,*,#1177,.T.);
#1802=ORIENTED_EDGE('',*,*,#1268,.F.);
#1803=ORIENTED_EDGE('',*,*,#1267,.T.);
#1804=ORIENTED_EDGE('',*,*,#1265,.T.);
#1805=PLANE('',#1994);
#1806=PLANE('',#2001);
#1807=PLANE('',#2008);
#1808=PLANE('',#2015);
#1809=PLANE('',#2025);
#1810=PLANE('',#2026);
#1811=PLANE('',#2032);
#1812=PLANE('',#2033);
#1813=PLANE('',#2036);
#1814=PLANE('',#2037);
#1815=PLANE('',#2040);
#1816=PLANE('',#2041);
#1817=PLANE('',#2042);
#1818=PLANE('',#2043);
#1819=PLANE('',#2044);
#1820=PLANE('',#2045);
#1821=PLANE('',#2046);
#1822=PLANE('',#2047);
#1823=PLANE('',#2048);
#1824=PLANE('',#2049);
#1825=PLANE('',#2050);
#1826=PLANE('',#2051);
#1827=PLANE('',#2052);
#1828=PLANE('',#2053);
#1829=PLANE('',#2054);
#1830=PLANE('',#2055);
#1831=PLANE('',#2056);
#1832=PLANE('',#2057);
#1833=PLANE('',#2058);
#1834=PLANE('',#2059);
#1835=PLANE('',#2060);
#1836=PLANE('',#2061);
#1837=PLANE('',#2062);
#1838=PLANE('',#2063);
#1839=PLANE('',#2064);
#1840=PLANE('',#2065);
#1841=PLANE('',#2066);
#1842=PLANE('',#2067);
#1843=PLANE('',#2068);
#1844=PLANE('',#2069);
#1845=PLANE('',#2070);
#1846=PLANE('',#2071);
#1847=PLANE('',#2072);
#1848=PLANE('',#2073);
#1849=PLANE('',#2074);
#1850=PLANE('',#2075);
#1851=PLANE('',#2076);
#1852=PLANE('',#2077);
#1853=PLANE('',#2078);
#1854=PLANE('',#2079);
#1855=PLANE('',#2080);
#1856=PLANE('',#2091);
#1857=PLANE('',#2094);
#1858=PLANE('',#2101);
#1859=PLANE('',#2104);
#1860=PLANE('',#2107);
#1861=PLANE('',#2110);
#1862=PLANE('',#2111);
#1863=PLANE('',#2114);
#1864=PLANE('',#2117);
#1865=PLANE('',#2121);
#1866=PLANE('',#2125);
#1867=PLANE('',#2129);
#1868=PLANE('',#2133);
#1869=PLANE('',#2134);
#1870=PLANE('',#2141);
#1871=PLANE('',#2148);
#1872=PLANE('',#2155);
#1873=PLANE('',#2162);
#1874=ADVANCED_FACE('',(#504,#461),#1805,.F.);
#1875=ADVANCED_FACE('',(#505),#429,.F.);
#1876=ADVANCED_FACE('',(#506),#430,.F.);
#1877=ADVANCED_FACE('',(#507,#462),#1806,.F.);
#1878=ADVANCED_FACE('',(#508),#431,.F.);
#1879=ADVANCED_FACE('',(#509),#432,.F.);
#1880=ADVANCED_FACE('',(#510,#463),#1807,.F.);
#1881=ADVANCED_FACE('',(#511),#433,.F.);
#1882=ADVANCED_FACE('',(#512),#434,.F.);
#1883=ADVANCED_FACE('',(#513,#464),#1808,.F.);
#1884=ADVANCED_FACE('',(#514),#435,.F.);
#1885=ADVANCED_FACE('',(#515),#436,.F.);
#1886=ADVANCED_FACE('',(#516),#437,.T.);
#1887=ADVANCED_FACE('',(#517),#1809,.T.);
#1888=ADVANCED_FACE('',(#518,#465,#466,#467,#468,#469,#470,#471,#472,#473,
#474,#475,#476,#477,#478),#1810,.T.);
#1889=ADVANCED_FACE('',(#519),#438,.T.);
#1890=ADVANCED_FACE('',(#520),#1811,.T.);
#1891=ADVANCED_FACE('',(#521),#1812,.T.);
#1892=ADVANCED_FACE('',(#522),#439,.T.);
#1893=ADVANCED_FACE('',(#523),#1813,.T.);
#1894=ADVANCED_FACE('',(#524,#479,#480,#481,#482,#483,#484,#485,#486,#487,
#488,#489,#490,#491,#492),#1814,.F.);
#1895=ADVANCED_FACE('',(#525),#440,.T.);
#1896=ADVANCED_FACE('',(#526),#1815,.F.);
#1897=ADVANCED_FACE('',(#527),#1816,.F.);
#1898=ADVANCED_FACE('',(#528),#1817,.F.);
#1899=ADVANCED_FACE('',(#529),#1818,.F.);
#1900=ADVANCED_FACE('',(#530),#1819,.F.);
#1901=ADVANCED_FACE('',(#531),#1820,.F.);
#1902=ADVANCED_FACE('',(#532),#1821,.F.);
#1903=ADVANCED_FACE('',(#533),#1822,.F.);
#1904=ADVANCED_FACE('',(#534),#1823,.F.);
#1905=ADVANCED_FACE('',(#535),#1824,.F.);
#1906=ADVANCED_FACE('',(#536),#1825,.F.);
#1907=ADVANCED_FACE('',(#537),#1826,.F.);
#1908=ADVANCED_FACE('',(#538),#1827,.F.);
#1909=ADVANCED_FACE('',(#539),#1828,.F.);
#1910=ADVANCED_FACE('',(#540),#1829,.F.);
#1911=ADVANCED_FACE('',(#541),#1830,.F.);
#1912=ADVANCED_FACE('',(#542),#1831,.F.);
#1913=ADVANCED_FACE('',(#543),#1832,.F.);
#1914=ADVANCED_FACE('',(#544),#1833,.F.);
#1915=ADVANCED_FACE('',(#545),#1834,.F.);
#1916=ADVANCED_FACE('',(#546),#1835,.F.);
#1917=ADVANCED_FACE('',(#547),#1836,.F.);
#1918=ADVANCED_FACE('',(#548),#1837,.F.);
#1919=ADVANCED_FACE('',(#549),#1838,.F.);
#1920=ADVANCED_FACE('',(#550),#1839,.F.);
#1921=ADVANCED_FACE('',(#551),#1840,.F.);
#1922=ADVANCED_FACE('',(#552),#1841,.F.);
#1923=ADVANCED_FACE('',(#553),#1842,.F.);
#1924=ADVANCED_FACE('',(#554),#1843,.F.);
#1925=ADVANCED_FACE('',(#555),#1844,.F.);
#1926=ADVANCED_FACE('',(#556),#1845,.F.);
#1927=ADVANCED_FACE('',(#557),#1846,.F.);
#1928=ADVANCED_FACE('',(#558),#1847,.F.);
#1929=ADVANCED_FACE('',(#559),#1848,.F.);
#1930=ADVANCED_FACE('',(#560),#1849,.F.);
#1931=ADVANCED_FACE('',(#561),#1850,.F.);
#1932=ADVANCED_FACE('',(#562),#1851,.F.);
#1933=ADVANCED_FACE('',(#563),#1852,.F.);
#1934=ADVANCED_FACE('',(#564),#1853,.F.);
#1935=ADVANCED_FACE('',(#565),#1854,.F.);
#1936=ADVANCED_FACE('',(#566,#493,#494,#495,#496),#1855,.F.);
#1937=ADVANCED_FACE('',(#567),#441,.F.);
#1938=ADVANCED_FACE('',(#568),#1856,.T.);
#1939=ADVANCED_FACE('',(#569),#442,.F.);
#1940=ADVANCED_FACE('',(#570,#497),#1857,.T.);
#1941=ADVANCED_FACE('',(#571),#443,.F.);
#1942=ADVANCED_FACE('',(#572),#1858,.F.);
#1943=ADVANCED_FACE('',(#573),#444,.F.);
#1944=ADVANCED_FACE('',(#574),#1859,.F.);
#1945=ADVANCED_FACE('',(#575),#445,.F.);
#1946=ADVANCED_FACE('',(#576),#1860,.F.);
#1947=ADVANCED_FACE('',(#577),#446,.F.);
#1948=ADVANCED_FACE('',(#578),#1861,.F.);
#1949=ADVANCED_FACE('',(#579),#1862,.T.);
#1950=ADVANCED_FACE('',(#580),#447,.F.);
#1951=ADVANCED_FACE('',(#581),#1863,.T.);
#1952=ADVANCED_FACE('',(#582),#448,.F.);
#1953=ADVANCED_FACE('',(#583),#1864,.T.);
#1954=ADVANCED_FACE('',(#584),#449,.T.);
#1955=ADVANCED_FACE('',(#585,#498),#1865,.T.);
#1956=ADVANCED_FACE('',(#586),#450,.T.);
#1957=ADVANCED_FACE('',(#587),#1866,.T.);
#1958=ADVANCED_FACE('',(#588),#451,.T.);
#1959=ADVANCED_FACE('',(#589),#1867,.T.);
#1960=ADVANCED_FACE('',(#590),#452,.T.);
#1961=ADVANCED_FACE('',(#591,#499),#1868,.T.);
#1962=ADVANCED_FACE('',(#592),#1869,.F.);
#1963=ADVANCED_FACE('',(#593),#13,.F.);
#1964=ADVANCED_FACE('',(#594),#453,.F.);
#1965=ADVANCED_FACE('',(#595),#454,.T.);
#1966=ADVANCED_FACE('',(#596,#500),#1870,.T.);
#1967=ADVANCED_FACE('',(#597),#14,.F.);
#1968=ADVANCED_FACE('',(#598),#455,.F.);
#1969=ADVANCED_FACE('',(#599),#456,.T.);
#1970=ADVANCED_FACE('',(#600,#501),#1871,.T.);
#1971=ADVANCED_FACE('',(#601),#15,.F.);
#1972=ADVANCED_FACE('',(#602),#457,.F.);
#1973=ADVANCED_FACE('',(#603),#458,.T.);
#1974=ADVANCED_FACE('',(#604,#502),#1872,.T.);
#1975=ADVANCED_FACE('',(#605),#16,.F.);
#1976=ADVANCED_FACE('',(#606),#459,.F.);
#1977=ADVANCED_FACE('',(#607),#460,.T.);
#1978=ADVANCED_FACE('',(#608,#503),#1873,.T.);
#1979=CLOSED_SHELL('',(#1874,#1875,#1876,#1877,#1878,#1879,#1880,#1881,
#1882,#1883,#1884,#1885,#1886,#1887,#1888,#1889,#1890,#1891,#1892,#1893,
#1894,#1895,#1896,#1897,#1898,#1899,#1900,#1901,#1902,#1903,#1904,#1905,
#1906,#1907,#1908,#1909,#1910,#1911,#1912,#1913,#1914,#1915,#1916,#1917,
#1918,#1919,#1920,#1921,#1922,#1923,#1924,#1925,#1926,#1927,#1928,#1929,
#1930,#1931,#1932,#1933,#1934,#1935));
#1980=CLOSED_SHELL('',(#1936,#1937,#1938,#1939,#1940,#1941,#1942,#1943,
#1944,#1945,#1946,#1947,#1948,#1949,#1950,#1951,#1952,#1953,#1954,#1955,
#1956,#1957,#1958,#1959,#1960,#1961,#1962,#1963,#1964,#1965,#1966,#1967,
#1968,#1969,#1970,#1971,#1972,#1973,#1974,#1975,#1976,#1977,#1978));
#1981=DERIVED_UNIT_ELEMENT(#1983,1.);
#1982=DERIVED_UNIT_ELEMENT(#3266,-3.);
#1983=(
MASS_UNIT()
NAMED_UNIT(*)
SI_UNIT(.KILO.,.GRAM.)
);
#1984=DERIVED_UNIT((#1981,#1982));
#1985=MEASURE_REPRESENTATION_ITEM('density measure',
POSITIVE_RATIO_MEASURE(7850.),#1984);
#1986=PROPERTY_DEFINITION_REPRESENTATION(#1991,#1988);
#1987=PROPERTY_DEFINITION_REPRESENTATION(#1992,#1989);
#1988=REPRESENTATION('material name',(#1990),#3263);
#1989=REPRESENTATION('density',(#1985),#3263);
#1990=DESCRIPTIVE_REPRESENTATION_ITEM('Steel','Steel');
#1991=PROPERTY_DEFINITION('material property','material name',#3273);
#1992=PROPERTY_DEFINITION('material property','density of part',#3273);
#1993=AXIS2_PLACEMENT_3D('',#2707,#2163,#2164);
#1994=AXIS2_PLACEMENT_3D('',#2708,#2165,#2166);
#1995=AXIS2_PLACEMENT_3D('',#2710,#2167,#2168);
#1996=AXIS2_PLACEMENT_3D('',#2712,#2169,#2170);
#1997=AXIS2_PLACEMENT_3D('',#2713,#2171,#2172);
#1998=AXIS2_PLACEMENT_3D('',#2715,#2173,#2174);
#1999=AXIS2_PLACEMENT_3D('',#2717,#2176,#2177);
#2000=AXIS2_PLACEMENT_3D('',#2720,#2179,#2180);
#2001=AXIS2_PLACEMENT_3D('',#2721,#2181,#2182);
#2002=AXIS2_PLACEMENT_3D('',#2723,#2183,#2184);
#2003=AXIS2_PLACEMENT_3D('',#2725,#2185,#2186);
#2004=AXIS2_PLACEMENT_3D('',#2726,#2187,#2188);
#2005=AXIS2_PLACEMENT_3D('',#2728,#2189,#2190);
#2006=AXIS2_PLACEMENT_3D('',#2730,#2192,#2193);
#2007=AXIS2_PLACEMENT_3D('',#2733,#2195,#2196);
#2008=AXIS2_PLACEMENT_3D('',#2734,#2197,#2198);
#2009=AXIS2_PLACEMENT_3D('',#2736,#2199,#2200);
#2010=AXIS2_PLACEMENT_3D('',#2738,#2201,#2202);
#2011=AXIS2_PLACEMENT_3D('',#2739,#2203,#2204);
#2012=AXIS2_PLACEMENT_3D('',#2741,#2205,#2206);
#2013=AXIS2_PLACEMENT_3D('',#2743,#2208,#2209);
#2014=AXIS2_PLACEMENT_3D('',#2746,#2211,#2212);
#2015=AXIS2_PLACEMENT_3D('',#2747,#2213,#2214);
#2016=AXIS2_PLACEMENT_3D('',#2749,#2215,#2216);
#2017=AXIS2_PLACEMENT_3D('',#2751,#2217,#2218);
#2018=AXIS2_PLACEMENT_3D('',#2752,#2219,#2220);
#2019=AXIS2_PLACEMENT_3D('',#2754,#2221,#2222);
#2020=AXIS2_PLACEMENT_3D('',#2756,#2224,#2225);
#2021=AXIS2_PLACEMENT_3D('',#2759,#2227,#2228);
#2022=AXIS2_PLACEMENT_3D('',#2760,#2229,#2230);
#2023=AXIS2_PLACEMENT_3D('',#2763,#2231,#2232);
#2024=AXIS2_PLACEMENT_3D('',#2767,#2234,#2235);
#2025=AXIS2_PLACEMENT_3D('',#2769,#2237,#2238);
#2026=AXIS2_PLACEMENT_3D('',#2775,#2242,#2243);
#2027=AXIS2_PLACEMENT_3D('',#2779,#2245,#2246);
#2028=AXIS2_PLACEMENT_3D('',#2783,#2248,#2249);
#2029=AXIS2_PLACEMENT_3D('',#2786,#2251,#2252);
#2030=AXIS2_PLACEMENT_3D('',#2867,#2293,#2294);
#2031=AXIS2_PLACEMENT_3D('',#2870,#2295,#2296);
#2032=AXIS2_PLACEMENT_3D('',#2873,#2299,#2300);
#2033=AXIS2_PLACEMENT_3D('',#2877,#2303,#2304);
#2034=AXIS2_PLACEMENT_3D('',#2879,#2306,#2307);
#2035=AXIS2_PLACEMENT_3D('',#2881,#2308,#2309);
#2036=AXIS2_PLACEMENT_3D('',#2883,#2311,#2312);
#2037=AXIS2_PLACEMENT_3D('',#2887,#2315,#2316);
#2038=AXIS2_PLACEMENT_3D('',#2888,#2317,#2318);
#2039=AXIS2_PLACEMENT_3D('',#2969,#2359,#2360);
#2040=AXIS2_PLACEMENT_3D('',#2970,#2361,#2362);
#2041=AXIS2_PLACEMENT_3D('',#2973,#2365,#2366);
#2042=AXIS2_PLACEMENT_3D('',#2975,#2368,#2369);
#2043=AXIS2_PLACEMENT_3D('',#2977,#2371,#2372);
#2044=AXIS2_PLACEMENT_3D('',#2978,#2373,#2374);
#2045=AXIS2_PLACEMENT_3D('',#2981,#2377,#2378);
#2046=AXIS2_PLACEMENT_3D('',#2983,#2380,#2381);
#2047=AXIS2_PLACEMENT_3D('',#2985,#2383,#2384);
#2048=AXIS2_PLACEMENT_3D('',#2986,#2385,#2386);
#2049=AXIS2_PLACEMENT_3D('',#2989,#2389,#2390);
#2050=AXIS2_PLACEMENT_3D('',#2991,#2392,#2393);
#2051=AXIS2_PLACEMENT_3D('',#2993,#2395,#2396);
#2052=AXIS2_PLACEMENT_3D('',#2994,#2397,#2398);
#2053=AXIS2_PLACEMENT_3D('',#2997,#2401,#2402);
#2054=AXIS2_PLACEMENT_3D('',#2999,#2404,#2405);
#2055=AXIS2_PLACEMENT_3D('',#3001,#2407,#2408);
#2056=AXIS2_PLACEMENT_3D('',#3002,#2409,#2410);
#2057=AXIS2_PLACEMENT_3D('',#3005,#2413,#2414);
#2058=AXIS2_PLACEMENT_3D('',#3007,#2416,#2417);
#2059=AXIS2_PLACEMENT_3D('',#3009,#2419,#2420);
#2060=AXIS2_PLACEMENT_3D('',#3010,#2421,#2422);
#2061=AXIS2_PLACEMENT_3D('',#3013,#2425,#2426);
#2062=AXIS2_PLACEMENT_3D('',#3015,#2428,#2429);
#2063=AXIS2_PLACEMENT_3D('',#3017,#2431,#2432);
#2064=AXIS2_PLACEMENT_3D('',#3018,#2433,#2434);
#2065=AXIS2_PLACEMENT_3D('',#3021,#2437,#2438);
#2066=AXIS2_PLACEMENT_3D('',#3023,#2440,#2441);
#2067=AXIS2_PLACEMENT_3D('',#3025,#2443,#2444);
#2068=AXIS2_PLACEMENT_3D('',#3026,#2445,#2446);
#2069=AXIS2_PLACEMENT_3D('',#3029,#2449,#2450);
#2070=AXIS2_PLACEMENT_3D('',#3031,#2452,#2453);
#2071=AXIS2_PLACEMENT_3D('',#3033,#2455,#2456);
#2072=AXIS2_PLACEMENT_3D('',#3034,#2457,#2458);
#2073=AXIS2_PLACEMENT_3D('',#3037,#2461,#2462);
#2074=AXIS2_PLACEMENT_3D('',#3039,#2464,#2465);
#2075=AXIS2_PLACEMENT_3D('',#3041,#2467,#2468);
#2076=AXIS2_PLACEMENT_3D('',#3042,#2469,#2470);
#2077=AXIS2_PLACEMENT_3D('',#3045,#2473,#2474);
#2078=AXIS2_PLACEMENT_3D('',#3047,#2476,#2477);
#2079=AXIS2_PLACEMENT_3D('',#3049,#2479,#2480);
#2080=AXIS2_PLACEMENT_3D('',#3050,#2481,#2482);
#2081=AXIS2_PLACEMENT_3D('',#3053,#2483,#2484);
#2082=AXIS2_PLACEMENT_3D('',#3057,#2486,#2487);
#2083=AXIS2_PLACEMENT_3D('',#3061,#2489,#2490);
#2084=AXIS2_PLACEMENT_3D('',#3065,#2492,#2493);
#2085=AXIS2_PLACEMENT_3D('',#3068,#2495,#2496);
#2086=AXIS2_PLACEMENT_3D('',#3070,#2497,#2498);
#2087=AXIS2_PLACEMENT_3D('',#3072,#2499,#2500);
#2088=AXIS2_PLACEMENT_3D('',#3074,#2501,#2502);
#2089=AXIS2_PLACEMENT_3D('',#3075,#2503,#2504);
#2090=AXIS2_PLACEMENT_3D('',#3079,#2506,#2507);
#2091=AXIS2_PLACEMENT_3D('',#3081,#2509,#2510);
#2092=AXIS2_PLACEMENT_3D('',#3085,#2513,#2514);
#2093=AXIS2_PLACEMENT_3D('',#3088,#2516,#2517);
#2094=AXIS2_PLACEMENT_3D('',#3089,#2518,#2519);
#2095=AXIS2_PLACEMENT_3D('',#3097,#2523,#2524);
#2096=AXIS2_PLACEMENT_3D('',#3101,#2526,#2527);
#2097=AXIS2_PLACEMENT_3D('',#3105,#2529,#2530);
#2098=AXIS2_PLACEMENT_3D('',#3108,#2532,#2533);
#2099=AXIS2_PLACEMENT_3D('',#3109,#2534,#2535);
#2100=AXIS2_PLACEMENT_3D('',#3112,#2536,#2537);
#2101=AXIS2_PLACEMENT_3D('',#3115,#2540,#2541);
#2102=AXIS2_PLACEMENT_3D('',#3119,#2544,#2545);
#2103=AXIS2_PLACEMENT_3D('',#3121,#2546,#2547);
#2104=AXIS2_PLACEMENT_3D('',#3123,#2549,#2550);
#2105=AXIS2_PLACEMENT_3D('',#3127,#2553,#2554);
#2106=AXIS2_PLACEMENT_3D('',#3129,#2555,#2556);
#2107=AXIS2_PLACEMENT_3D('',#3131,#2558,#2559);
#2108=AXIS2_PLACEMENT_3D('',#3135,#2562,#2563);
#2109=AXIS2_PLACEMENT_3D('',#3137,#2564,#2565);
#2110=AXIS2_PLACEMENT_3D('',#3139,#2567,#2568);
#2111=AXIS2_PLACEMENT_3D('',#3141,#2570,#2571);
#2112=AXIS2_PLACEMENT_3D('',#3145,#2574,#2575);
#2113=AXIS2_PLACEMENT_3D('',#3147,#2576,#2577);
#2114=AXIS2_PLACEMENT_3D('',#3149,#2579,#2580);
#2115=AXIS2_PLACEMENT_3D('',#3153,#2583,#2584);
#2116=AXIS2_PLACEMENT_3D('',#3154,#2585,#2586);
#2117=AXIS2_PLACEMENT_3D('',#3155,#2587,#2588);
#2118=AXIS2_PLACEMENT_3D('',#3164,#2593,#2594);
#2119=AXIS2_PLACEMENT_3D('',#3166,#2595,#2596);
#2120=AXIS2_PLACEMENT_3D('',#3168,#2597,#2598);
#2121=AXIS2_PLACEMENT_3D('',#3170,#2600,#2601);
#2122=AXIS2_PLACEMENT_3D('',#3176,#2605,#2606);
#2123=AXIS2_PLACEMENT_3D('',#3178,#2607,#2608);
#2124=AXIS2_PLACEMENT_3D('',#3180,#2609,#2610);
#2125=AXIS2_PLACEMENT_3D('',#3182,#2612,#2613);
#2126=AXIS2_PLACEMENT_3D('',#3188,#2617,#2618);
#2127=AXIS2_PLACEMENT_3D('',#3190,#2619,#2620);
#2128=AXIS2_PLACEMENT_3D('',#3192,#2621,#2622);
#2129=AXIS2_PLACEMENT_3D('',#3194,#2624,#2625);
#2130=AXIS2_PLACEMENT_3D('',#3200,#2629,#2630);
#2131=AXIS2_PLACEMENT_3D('',#3201,#2631,#2632);
#2132=AXIS2_PLACEMENT_3D('',#3202,#2633,#2634);
#2133=AXIS2_PLACEMENT_3D('',#3203,#2635,#2636);
#2134=AXIS2_PLACEMENT_3D('',#3204,#2637,#2638);
#2135=AXIS2_PLACEMENT_3D('',#3205,#2639,#2640);
#2136=AXIS2_PLACEMENT_3D('',#3207,#2641,#2642);
#2137=AXIS2_PLACEMENT_3D('',#3210,#2644,#2645);
#2138=AXIS2_PLACEMENT_3D('',#3212,#2646,#2647);
#2139=AXIS2_PLACEMENT_3D('',#3214,#2649,#2650);
#2140=AXIS2_PLACEMENT_3D('',#3216,#2651,#2652);
#2141=AXIS2_PLACEMENT_3D('',#3218,#2654,#2655);
#2142=AXIS2_PLACEMENT_3D('',#3219,#2656,#2657);
#2143=AXIS2_PLACEMENT_3D('',#3221,#2658,#2659);
#2144=AXIS2_PLACEMENT_3D('',#3224,#2661,#2662);
#2145=AXIS2_PLACEMENT_3D('',#3226,#2663,#2664);
#2146=AXIS2_PLACEMENT_3D('',#3228,#2666,#2667);
#2147=AXIS2_PLACEMENT_3D('',#3230,#2668,#2669);
#2148=AXIS2_PLACEMENT_3D('',#3232,#2671,#2672);
#2149=AXIS2_PLACEMENT_3D('',#3233,#2673,#2674);
#2150=AXIS2_PLACEMENT_3D('',#3235,#2675,#2676);
#2151=AXIS2_PLACEMENT_3D('',#3238,#2678,#2679);
#2152=AXIS2_PLACEMENT_3D('',#3240,#2680,#2681);
#2153=AXIS2_PLACEMENT_3D('',#3242,#2683,#2684);
#2154=AXIS2_PLACEMENT_3D('',#3244,#2685,#2686);
#2155=AXIS2_PLACEMENT_3D('',#3246,#2688,#2689);
#2156=AXIS2_PLACEMENT_3D('',#3247,#2690,#2691);
#2157=AXIS2_PLACEMENT_3D('',#3249,#2692,#2693);
#2158=AXIS2_PLACEMENT_3D('',#3252,#2695,#2696);
#2159=AXIS2_PLACEMENT_3D('',#3254,#2697,#2698);
#2160=AXIS2_PLACEMENT_3D('',#3256,#2700,#2701);
#2161=AXIS2_PLACEMENT_3D('',#3258,#2702,#2703);
#2162=AXIS2_PLACEMENT_3D('',#3260,#2705,#2706);
#2163=DIRECTION('axis',(0.,0.,1.));
#2164=DIRECTION('refdir',(1.,0.,0.));
#2165=DIRECTION('center_axis',(2.22044604925031E-16,-1.,-7.93525873900704E-32));
#2166=DIRECTION('ref_axis',(-0.422618261740699,-9.38401049623172E-17,0.90630778703665));
#2167=DIRECTION('center_axis',(2.22044604925031E-16,-1.,-7.93525873900704E-32));
#2168=DIRECTION('ref_axis',(-0.422618261740699,-9.38401049623172E-17,0.90630778703665));
#2169=DIRECTION('center_axis',(2.22044604925031E-16,-1.,-7.93525873900704E-32));
#2170=DIRECTION('ref_axis',(-0.422618261740699,-9.38401049623172E-17,0.90630778703665));
#2171=DIRECTION('center_axis',(2.22044604925031E-16,-1.,-7.93525873900704E-32));
#2172=DIRECTION('ref_axis',(-0.422618261740699,-9.38401049623172E-17,0.90630778703665));
#2173=DIRECTION('center_axis',(2.22044604925031E-16,-1.,-7.93525873900704E-32));
#2174=DIRECTION('ref_axis',(-0.422618261740699,-9.38401049623172E-17,0.90630778703665));
#2175=DIRECTION('',(2.22044604925031E-16,-1.,-7.93525873900704E-32));
#2176=DIRECTION('center_axis',(2.22044604925031E-16,-1.,-7.93525873900704E-32));
#2177=DIRECTION('ref_axis',(-0.422618261740699,-9.38401049623172E-17,0.90630778703665));
#2178=DIRECTION('',(2.22044604925031E-16,-1.,-7.93525873900705E-32));
#2179=DIRECTION('center_axis',(-2.22044604925031E-16,1.,7.93525873900704E-32));
#2180=DIRECTION('ref_axis',(-0.422618261740699,-9.38401049623172E-17,0.90630778703665));
#2181=DIRECTION('center_axis',(2.22044604925031E-16,-1.,-7.36742860605962E-32));
#2182=DIRECTION('ref_axis',(0.0871557427476581,1.93524624653513E-17,0.996194698091746));
#2183=DIRECTION('center_axis',(2.22044604925031E-16,-1.,-7.36742860605962E-32));
#2184=DIRECTION('ref_axis',(0.0871557427476581,1.93524624653513E-17,0.996194698091746));
#2185=DIRECTION('center_axis',(2.22044604925031E-16,-1.,-7.36742860605962E-32));
#2186=DIRECTION('ref_axis',(0.0871557427476581,1.93524624653513E-17,0.996194698091745));
#2187=DIRECTION('center_axis',(2.22044604925031E-16,-1.,-7.36742860605962E-32));
#2188=DIRECTION('ref_axis',(0.0871557427476581,1.93524624653513E-17,0.996194698091746));
#2189=DIRECTION('center_axis',(2.22044604925031E-16,-1.,-7.36742860605962E-32));
#2190=DIRECTION('ref_axis',(0.0871557427476581,1.93524624653513E-17,0.996194698091746));
#2191=DIRECTION('',(2.22044604925031E-16,-1.,-7.36742860605962E-32));
#2192=DIRECTION('center_axis',(2.22044604925031E-16,-1.,-7.36742860605962E-32));
#2193=DIRECTION('ref_axis',(0.0871557427476581,1.93524624653513E-17,0.996194698091745));
#2194=DIRECTION('',(2.22044604925031E-16,-1.,-7.36742860605962E-32));
#2195=DIRECTION('center_axis',(-2.22044604925031E-16,1.,7.36742860605962E-32));
#2196=DIRECTION('ref_axis',(0.0871557427476581,1.93524624653513E-17,0.996194698091745));
#2197=DIRECTION('center_axis',(2.22044604925031E-16,-1.,-7.39557098644697E-32));
#2198=DIRECTION('ref_axis',(3.28429327576129E-47,-7.39557098644697E-32,
1.));
#2199=DIRECTION('center_axis',(2.22044604925031E-16,-1.,-7.39557098644697E-32));
#2200=DIRECTION('ref_axis',(3.28429327576129E-47,-7.39557098644697E-32,
1.));
#2201=DIRECTION('center_axis',(2.22044604925031E-16,-1.,-7.39557098644697E-32));
#2202=DIRECTION('ref_axis',(3.28429327576129E-47,-7.39557098644697E-32,
1.));
#2203=DIRECTION('center_axis',(2.22044604925031E-16,-1.,-7.39557098644697E-32));
#2204=DIRECTION('ref_axis',(3.28429327576129E-47,-7.39557098644697E-32,
1.));
#2205=DIRECTION('center_axis',(2.22044604925031E-16,-1.,-7.39557098644697E-32));
#2206=DIRECTION('ref_axis',(3.28429327576129E-47,-7.39557098644697E-32,
1.));
#2207=DIRECTION('',(2.22044604925031E-16,-1.,-7.39557098644697E-32));
#2208=DIRECTION('center_axis',(2.22044604925031E-16,-1.,-7.39557098644697E-32));
#2209=DIRECTION('ref_axis',(3.28429327576129E-47,-7.39557098644697E-32,
1.));
#2210=DIRECTION('',(2.22044604925031E-16,-1.,-7.39557098644697E-32));
#2211=DIRECTION('center_axis',(-2.22044604925031E-16,1.,7.39557098644697E-32));
#2212=DIRECTION('ref_axis',(3.28429327576129E-47,-7.39557098644697E-32,
1.));
#2213=DIRECTION('center_axis',(2.22044604925031E-16,-1.,-7.93525873900704E-32));
#2214=DIRECTION('ref_axis',(0.4226182617407,9.38401049623171E-17,0.90630778703665));
#2215=DIRECTION('center_axis',(2.22044604925031E-16,-1.,-7.93525873900704E-32));
#2216=DIRECTION('ref_axis',(0.4226182617407,9.38401049623171E-17,0.90630778703665));
#2217=DIRECTION('center_axis',(2.22044604925031E-16,-1.,-7.93525873900704E-32));
#2218=DIRECTION('ref_axis',(0.4226182617407,9.38401049623171E-17,0.90630778703665));
#2219=DIRECTION('center_axis',(2.22044604925031E-16,-1.,-7.93525873900704E-32));
#2220=DIRECTION('ref_axis',(0.4226182617407,9.38401049623171E-17,0.90630778703665));
#2221=DIRECTION('center_axis',(2.22044604925031E-16,-1.,-7.93525873900704E-32));
#2222=DIRECTION('ref_axis',(0.4226182617407,9.38401049623171E-17,0.90630778703665));
#2223=DIRECTION('',(2.22044604925031E-16,-1.,-7.93525873900704E-32));
#2224=DIRECTION('center_axis',(2.22044604925031E-16,-1.,-7.93525873900704E-32));
#2225=DIRECTION('ref_axis',(0.4226182617407,9.38401049623171E-17,0.90630778703665));
#2226=DIRECTION('',(2.22044604925031E-16,-1.,-7.93525873900704E-32));
#2227=DIRECTION('center_axis',(-2.22044604925031E-16,1.,7.93525873900704E-32));
#2228=DIRECTION('ref_axis',(0.4226182617407,9.38401049623171E-17,0.90630778703665));
#2229=DIRECTION('center_axis',(0.,-1.,0.));
#2230=DIRECTION('ref_axis',(0.707106781186548,0.,0.707106781186547));
#2231=DIRECTION('center_axis',(2.22044604925031E-16,-1.,-7.39557098644698E-32));
#2232=DIRECTION('ref_axis',(0.707106781186548,0.,0.707106781186547));
#2233=DIRECTION('',(0.,1.,0.));
#2234=DIRECTION('center_axis',(2.22044604925031E-16,-1.,-7.39557098644698E-32));
#2235=DIRECTION('ref_axis',(0.707106781186548,0.,0.707106781186547));
#2236=DIRECTION('',(0.,-1.,0.));
#2237=DIRECTION('center_axis',(2.22044604925031E-16,0.,1.));
#2238=DIRECTION('ref_axis',(1.,2.22044604925031E-16,-2.22044604925031E-16));
#2239=DIRECTION('',(-1.,-2.22044604925031E-16,2.22044604925031E-16));
#2240=DIRECTION('',(0.,1.,0.));
#2241=DIRECTION('',(-1.,-2.22044604925031E-16,2.22044604925031E-16));
#2242=DIRECTION('center_axis',(-2.22044604925031E-16,1.,7.39557098644698E-32));
#2243=DIRECTION('ref_axis',(-2.22044604925031E-16,2.46519032881566E-32,
-1.));
#2244=DIRECTION('',(2.22044604925031E-16,-2.46519032881566E-32,1.));
#2245=DIRECTION('center_axis',(2.22044604925031E-16,-1.,-7.39557098644698E-32));
#2246=DIRECTION('ref_axis',(0.707106781186548,0.,-0.707106781186547));
#2247=DIRECTION('',(1.,2.22044604925031E-16,-1.16434804722876E-16));
#2248=DIRECTION('center_axis',(2.22044604925031E-16,-1.,-7.39557098644698E-32));
#2249=DIRECTION('ref_axis',(-0.707106781186548,0.,-0.707106781186548));
#2250=DIRECTION('',(-2.22044604925031E-16,2.46519032881566E-32,-1.));
#2251=DIRECTION('center_axis',(2.22044604925031E-16,-1.,-7.39557098644698E-32));
#2252=DIRECTION('ref_axis',(-0.707106781186543,0.,0.707106781186552));
#2253=DIRECTION('',(-2.22044604925031E-16,2.46519032881566E-32,-1.));
#2254=DIRECTION('',(1.,2.22044604925031E-16,-2.22044604925031E-16));
#2255=DIRECTION('',(2.22044604925031E-16,-2.46519032881566E-32,1.));
#2256=DIRECTION('',(-1.,-2.22044604925031E-16,2.22044604925031E-16));
#2257=DIRECTION('',(-2.22044604925031E-16,2.46519032881566E-32,-1.));
#2258=DIRECTION('',(1.,2.22044604925031E-16,-2.22044604925031E-16));
#2259=DIRECTION('',(2.22044604925031E-16,-2.46519032881566E-32,1.));
#2260=DIRECTION('',(-1.,-2.22044604925031E-16,2.22044604925031E-16));
#2261=DIRECTION('',(2.22044604925031E-16,-2.46519032881566E-32,1.));
#2262=DIRECTION('',(-1.,-2.22044604925031E-16,2.22044604925031E-16));
#2263=DIRECTION('',(-2.22044604925031E-16,2.46519032881566E-32,-1.));
#2264=DIRECTION('',(1.,2.22044604925031E-16,-2.22044604925031E-16));
#2265=DIRECTION('',(1.,2.22044604925031E-16,-2.22044604925031E-16));
#2266=DIRECTION('',(2.22044604925031E-16,-2.46519032881566E-32,1.));
#2267=DIRECTION('',(-1.,-2.22044604925031E-16,2.22044604925031E-16));
#2268=DIRECTION('',(-2.22044604925031E-16,2.46519032881566E-32,-1.));
#2269=DIRECTION('',(2.22044604925031E-16,-2.46519032881566E-32,1.));
#2270=DIRECTION('',(-1.,-2.22044604925031E-16,2.22044604925031E-16));
#2271=DIRECTION('',(-2.22044604925031E-16,2.46519032881566E-32,-1.));
#2272=DIRECTION('',(1.,2.22044604925031E-16,-2.22044604925031E-16));
#2273=DIRECTION('',(2.22044604925031E-16,-2.46519032881566E-32,1.));
#2274=DIRECTION('',(-1.,-2.22044604925031E-16,2.22044604925031E-16));
#2275=DIRECTION('',(-2.22044604925031E-16,2.46519032881566E-32,-1.));
#2276=DIRECTION('',(1.,2.22044604925031E-16,-2.22044604925031E-16));
#2277=DIRECTION('',(1.,2.22044604925031E-16,-2.22044604925031E-16));
#2278=DIRECTION('',(2.22044604925031E-16,-2.46519032881566E-32,1.));
#2279=DIRECTION('',(-1.,-2.22044604925031E-16,2.22044604925031E-16));
#2280=DIRECTION('',(-2.22044604925031E-16,2.46519032881566E-32,-1.));
#2281=DIRECTION('',(-2.22044604925031E-16,2.46519032881566E-32,-1.));
#2282=DIRECTION('',(1.,2.22044604925031E-16,-2.22044604925031E-16));
#2283=DIRECTION('',(2.22044604925031E-16,-2.46519032881566E-32,1.));
#2284=DIRECTION('',(-1.,-2.22044604925031E-16,2.22044604925031E-16));
#2285=DIRECTION('',(1.,2.22044604925031E-16,-2.22044604925031E-16));
#2286=DIRECTION('',(2.22044604925031E-16,-2.46519032881566E-32,1.));
#2287=DIRECTION('',(-1.,-2.22044604925031E-16,2.22044604925031E-16));
#2288=DIRECTION('',(-2.22044604925031E-16,2.46519032881566E-32,-1.));
#2289=DIRECTION('',(2.22044604925031E-16,1.23259516440783E-31,-1.));
#2290=DIRECTION('',(1.,2.22044604925031E-16,2.22044604925031E-16));
#2291=DIRECTION('',(-2.22044604925031E-16,-1.23259516440783E-31,1.));
#2292=DIRECTION('',(-1.,-2.22044604925031E-16,9.33596634343689E-17));
#2293=DIRECTION('center_axis',(0.,-1.,0.));
#2294=DIRECTION('ref_axis',(0.707106781186548,0.,-0.707106781186547));
#2295=DIRECTION('center_axis',(2.22044604925031E-16,-1.,-7.39557098644698E-32));
#2296=DIRECTION('ref_axis',(0.707106781186548,0.,-0.707106781186547));
#2297=DIRECTION('',(0.,1.,0.));
#2298=DIRECTION('',(0.,-1.,0.));
#2299=DIRECTION('center_axis',(-1.16434804722876E-16,0.,-1.));
#2300=DIRECTION('ref_axis',(-1.,-2.22044604925031E-16,1.16434804722876E-16));
#2301=DIRECTION('',(1.,2.22044604925031E-16,-1.16434804722876E-16));
#2302=DIRECTION('',(0.,-1.,0.));
#2303=DIRECTION('center_axis',(1.,0.,-2.22044604925031E-16));
#2304=DIRECTION('ref_axis',(-2.22044604925031E-16,2.46519032881566E-32,
-1.));
#2305=DIRECTION('',(2.22044604925031E-16,-2.46519032881566E-32,1.));
#2306=DIRECTION('center_axis',(0.,-1.,0.));
#2307=DIRECTION('ref_axis',(-0.707106781186548,0.,-0.707106781186548));
#2308=DIRECTION('center_axis',(2.22044604925031E-16,-1.,-7.39557098644698E-32));
#2309=DIRECTION('ref_axis',(-0.707106781186548,0.,-0.707106781186548));
#2310=DIRECTION('',(0.,1.,0.));
#2311=DIRECTION('center_axis',(-1.,0.,2.22044604925031E-16));
#2312=DIRECTION('ref_axis',(2.22044604925031E-16,-2.46519032881566E-32,
1.));
#2313=DIRECTION('',(-2.22044604925031E-16,2.46519032881566E-32,-1.));
#2314=DIRECTION('',(0.,-1.,0.));
#2315=DIRECTION('center_axis',(-2.22044604925031E-16,1.,7.39557098644698E-32));
#2316=DIRECTION('ref_axis',(-2.22044604925031E-16,2.46519032881566E-32,
-1.));
#2317=DIRECTION('center_axis',(2.22044604925031E-16,-1.,-7.39557098644698E-32));
#2318=DIRECTION('ref_axis',(-0.707106781186543,0.,0.707106781186552));
#2319=DIRECTION('',(2.22044604925031E-16,-2.46519032881566E-32,1.));
#2320=DIRECTION('',(1.,2.22044604925031E-16,-2.22044604925031E-16));
#2321=DIRECTION('',(-2.22044604925031E-16,2.46519032881566E-32,-1.));
#2322=DIRECTION('',(-1.,-2.22044604925031E-16,2.22044604925031E-16));
#2323=DIRECTION('',(2.22044604925031E-16,-2.46519032881566E-32,1.));
#2324=DIRECTION('',(1.,2.22044604925031E-16,-2.22044604925031E-16));
#2325=DIRECTION('',(-2.22044604925031E-16,2.46519032881566E-32,-1.));
#2326=DIRECTION('',(-1.,-2.22044604925031E-16,2.22044604925031E-16));
#2327=DIRECTION('',(-2.22044604925031E-16,2.46519032881566E-32,-1.));
#2328=DIRECTION('',(-1.,-2.22044604925031E-16,2.22044604925031E-16));
#2329=DIRECTION('',(2.22044604925031E-16,-2.46519032881566E-32,1.));
#2330=DIRECTION('',(1.,2.22044604925031E-16,-2.22044604925031E-16));
#2331=DIRECTION('',(-1.,-2.22044604925031E-16,2.22044604925031E-16));
#2332=DIRECTION('',(2.22044604925031E-16,-2.46519032881566E-32,1.));
#2333=DIRECTION('',(1.,2.22044604925031E-16,-2.22044604925031E-16));
#2334=DIRECTION('',(-2.22044604925031E-16,2.46519032881566E-32,-1.));
#2335=DIRECTION('',(-2.22044604925031E-16,2.46519032881566E-32,-1.));
#2336=DIRECTION('',(-1.,-2.22044604925031E-16,2.22044604925031E-16));
#2337=DIRECTION('',(2.22044604925031E-16,-2.46519032881566E-32,1.));
#2338=DIRECTION('',(1.,2.22044604925031E-16,-2.22044604925031E-16));
#2339=DIRECTION('',(-2.22044604925031E-16,2.46519032881566E-32,-1.));
#2340=DIRECTION('',(-1.,-2.22044604925031E-16,2.22044604925031E-16));
#2341=DIRECTION('',(2.22044604925031E-16,-2.46519032881566E-32,1.));
#2342=DIRECTION('',(1.,2.22044604925031E-16,-2.22044604925031E-16));
#2343=DIRECTION('',(-1.,-2.22044604925031E-16,2.22044604925031E-16));
#2344=DIRECTION('',(2.22044604925031E-16,-2.46519032881566E-32,1.));
#2345=DIRECTION('',(1.,2.22044604925031E-16,-2.22044604925031E-16));
#2346=DIRECTION('',(-2.22044604925031E-16,2.46519032881566E-32,-1.));
#2347=DIRECTION('',(2.22044604925031E-16,-2.46519032881566E-32,1.));
#2348=DIRECTION('',(1.,2.22044604925031E-16,-2.22044604925031E-16));
#2349=DIRECTION('',(-2.22044604925031E-16,2.46519032881566E-32,-1.));
#2350=DIRECTION('',(-1.,-2.22044604925031E-16,2.22044604925031E-16));
#2351=DIRECTION('',(-1.,-2.22044604925031E-16,2.22044604925031E-16));
#2352=DIRECTION('',(2.22044604925031E-16,-2.46519032881566E-32,1.));
#2353=DIRECTION('',(1.,2.22044604925031E-16,-2.22044604925031E-16));
#2354=DIRECTION('',(-2.22044604925031E-16,2.46519032881566E-32,-1.));
#2355=DIRECTION('',(-2.22044604925031E-16,-1.23259516440783E-31,1.));
#2356=DIRECTION('',(1.,2.22044604925031E-16,-9.33596634343689E-17));
#2357=DIRECTION('',(2.22044604925031E-16,1.23259516440783E-31,-1.));
#2358=DIRECTION('',(-1.,-2.22044604925031E-16,-2.22044604925031E-16));
#2359=DIRECTION('center_axis',(0.,1.,0.));
#2360=DIRECTION('ref_axis',(-0.707106781186543,0.,0.707106781186552));
#2361=DIRECTION('center_axis',(1.,0.,2.22044604925031E-16));
#2362=DIRECTION('ref_axis',(-2.22044604925031E-16,-9.86076131526264E-32,
1.));
#2363=DIRECTION('',(0.,-1.,0.));
#2364=DIRECTION('',(0.,-1.,0.));
#2365=DIRECTION('center_axis',(9.33596634343689E-17,0.,1.));
#2366=DIRECTION('ref_axis',(-1.,-2.22044604925031E-16,9.33596634343689E-17));
#2367=DIRECTION('',(0.,-1.,0.));
#2368=DIRECTION('center_axis',(-1.,0.,-2.22044604925031E-16));
#2369=DIRECTION('ref_axis',(2.22044604925031E-16,9.86076131526264E-32,-1.));
#2370=DIRECTION('',(0.,-1.,0.));
#2371=DIRECTION('center_axis',(2.22044604925031E-16,0.,-1.));
#2372=DIRECTION('ref_axis',(1.,2.22044604925031E-16,2.22044604925031E-16));
#2373=DIRECTION('center_axis',(-1.,0.,2.22044604925031E-16));
#2374=DIRECTION('ref_axis',(2.22044604925031E-16,-2.46519032881566E-32,
1.));
#2375=DIRECTION('',(0.,1.,0.));
#2376=DIRECTION('',(0.,1.,0.));
#2377=DIRECTION('center_axis',(-2.22044604925031E-16,0.,-1.));
#2378=DIRECTION('ref_axis',(-1.,-2.22044604925031E-16,2.22044604925031E-16));
#2379=DIRECTION('',(0.,1.,0.));
#2380=DIRECTION('center_axis',(1.,0.,-2.22044604925031E-16));
#2381=DIRECTION('ref_axis',(-2.22044604925031E-16,2.46519032881566E-32,
-1.));
#2382=DIRECTION('',(0.,1.,0.));
#2383=DIRECTION('center_axis',(2.22044604925031E-16,0.,1.));
#2384=DIRECTION('ref_axis',(1.,2.22044604925031E-16,-2.22044604925031E-16));
#2385=DIRECTION('center_axis',(-1.,0.,2.22044604925031E-16));
#2386=DIRECTION('ref_axis',(2.22044604925031E-16,-2.46519032881566E-32,
1.));
#2387=DIRECTION('',(0.,1.,0.));
#2388=DIRECTION('',(0.,1.,0.));
#2389=DIRECTION('center_axis',(-2.22044604925031E-16,0.,-1.));
#2390=DIRECTION('ref_axis',(-1.,-2.22044604925031E-16,2.22044604925031E-16));
#2391=DIRECTION('',(0.,1.,0.));
#2392=DIRECTION('center_axis',(1.,0.,-2.22044604925031E-16));
#2393=DIRECTION('ref_axis',(-2.22044604925031E-16,2.46519032881566E-32,
-1.));
#2394=DIRECTION('',(0.,1.,0.));
#2395=DIRECTION('center_axis',(2.22044604925031E-16,0.,1.));
#2396=DIRECTION('ref_axis',(1.,2.22044604925031E-16,-2.22044604925031E-16));
#2397=DIRECTION('center_axis',(1.,0.,-2.22044604925031E-16));
#2398=DIRECTION('ref_axis',(-2.22044604925031E-16,2.46519032881566E-32,
-1.));
#2399=DIRECTION('',(0.,1.,0.));
#2400=DIRECTION('',(0.,1.,0.));
#2401=DIRECTION('center_axis',(2.22044604925031E-16,0.,1.));
#2402=DIRECTION('ref_axis',(1.,2.22044604925031E-16,-2.22044604925031E-16));
#2403=DIRECTION('',(0.,1.,0.));
#2404=DIRECTION('center_axis',(-1.,0.,2.22044604925031E-16));
#2405=DIRECTION('ref_axis',(2.22044604925031E-16,-2.46519032881566E-32,
1.));
#2406=DIRECTION('',(0.,1.,0.));
#2407=DIRECTION('center_axis',(-2.22044604925031E-16,0.,-1.));
#2408=DIRECTION('ref_axis',(-1.,-2.22044604925031E-16,2.22044604925031E-16));
#2409=DIRECTION('center_axis',(-2.22044604925031E-16,0.,-1.));
#2410=DIRECTION('ref_axis',(-1.,-2.22044604925031E-16,2.22044604925031E-16));
#2411=DIRECTION('',(0.,1.,0.));
#2412=DIRECTION('',(0.,1.,0.));
#2413=DIRECTION('center_axis',(1.,0.,-2.22044604925031E-16));
#2414=DIRECTION('ref_axis',(-2.22044604925031E-16,2.46519032881566E-32,
-1.));
#2415=DIRECTION('',(0.,1.,0.));
#2416=DIRECTION('center_axis',(2.22044604925031E-16,0.,1.));
#2417=DIRECTION('ref_axis',(1.,2.22044604925031E-16,-2.22044604925031E-16));
#2418=DIRECTION('',(0.,1.,0.));
#2419=DIRECTION('center_axis',(-1.,0.,2.22044604925031E-16));
#2420=DIRECTION('ref_axis',(2.22044604925031E-16,-2.46519032881566E-32,
1.));
#2421=DIRECTION('center_axis',(1.,2.77555756156289E-16,-2.22044604925031E-16));
#2422=DIRECTION('ref_axis',(-2.22044604925031E-16,2.46519032881566E-32,
-1.));
#2423=DIRECTION('',(-2.77555756156289E-16,1.,4.5578725179647E-63));
#2424=DIRECTION('',(-2.77555756156289E-16,1.,4.5578725179647E-63));
#2425=DIRECTION('center_axis',(2.22044604925031E-16,6.16297582203915E-32,
1.));
#2426=DIRECTION('ref_axis',(1.,2.22044604925031E-16,-2.22044604925031E-16));
#2427=DIRECTION('',(-2.77555756156289E-16,1.,4.5578725179647E-63));
#2428=DIRECTION('center_axis',(-1.,-2.77555756156289E-16,2.22044604925031E-16));
#2429=DIRECTION('ref_axis',(2.22044604925031E-16,-2.46519032881566E-32,
1.));
#2430=DIRECTION('',(-2.77555756156289E-16,1.,4.5578725179647E-63));
#2431=DIRECTION('center_axis',(-2.22044604925031E-16,-6.16297582203915E-32,
-1.));
#2432=DIRECTION('ref_axis',(-1.,-2.22044604925031E-16,2.22044604925031E-16));
#2433=DIRECTION('center_axis',(1.,0.,-2.22044604925031E-16));
#2434=DIRECTION('ref_axis',(-2.22044604925031E-16,2.46519032881566E-32,
-1.));
#2435=DIRECTION('',(0.,1.,0.));
#2436=DIRECTION('',(0.,1.,0.));
#2437=DIRECTION('center_axis',(2.22044604925031E-16,0.,1.));
#2438=DIRECTION('ref_axis',(1.,2.22044604925031E-16,-2.22044604925031E-16));
#2439=DIRECTION('',(0.,1.,0.));
#2440=DIRECTION('center_axis',(-1.,0.,2.22044604925031E-16));
#2441=DIRECTION('ref_axis',(2.22044604925031E-16,-2.46519032881566E-32,
1.));
#2442=DIRECTION('',(0.,1.,0.));
#2443=DIRECTION('center_axis',(-2.22044604925031E-16,0.,-1.));
#2444=DIRECTION('ref_axis',(-1.,-2.22044604925031E-16,2.22044604925031E-16));
#2445=DIRECTION('center_axis',(-2.22044604925031E-16,0.,-1.));
#2446=DIRECTION('ref_axis',(-1.,-2.22044604925031E-16,2.22044604925031E-16));
#2447=DIRECTION('',(0.,1.,0.));
#2448=DIRECTION('',(0.,1.,0.));
#2449=DIRECTION('center_axis',(1.,0.,-2.22044604925031E-16));
#2450=DIRECTION('ref_axis',(-2.22044604925031E-16,2.46519032881566E-32,
-1.));
#2451=DIRECTION('',(0.,1.,0.));
#2452=DIRECTION('center_axis',(2.22044604925031E-16,0.,1.));
#2453=DIRECTION('ref_axis',(1.,2.22044604925031E-16,-2.22044604925031E-16));
#2454=DIRECTION('',(0.,1.,0.));
#2455=DIRECTION('center_axis',(-1.,0.,2.22044604925031E-16));
#2456=DIRECTION('ref_axis',(2.22044604925031E-16,-2.46519032881566E-32,
1.));
#2457=DIRECTION('center_axis',(-1.,0.,2.22044604925031E-16));
#2458=DIRECTION('ref_axis',(2.22044604925031E-16,-2.46519032881566E-32,
1.));
#2459=DIRECTION('',(0.,1.,0.));
#2460=DIRECTION('',(0.,1.,0.));
#2461=DIRECTION('center_axis',(-2.22044604925031E-16,0.,-1.));
#2462=DIRECTION('ref_axis',(-1.,-2.22044604925031E-16,2.22044604925031E-16));
#2463=DIRECTION('',(0.,1.,0.));
#2464=DIRECTION('center_axis',(1.,0.,-2.22044604925031E-16));
#2465=DIRECTION('ref_axis',(-2.22044604925031E-16,2.46519032881566E-32,
-1.));
#2466=DIRECTION('',(0.,1.,0.));
#2467=DIRECTION('center_axis',(2.22044604925031E-16,0.,1.));
#2468=DIRECTION('ref_axis',(1.,2.22044604925031E-16,-2.22044604925031E-16));
#2469=DIRECTION('center_axis',(-2.22044604925031E-16,0.,-1.));
#2470=DIRECTION('ref_axis',(-1.,-2.22044604925031E-16,2.22044604925031E-16));
#2471=DIRECTION('',(0.,1.,0.));
#2472=DIRECTION('',(0.,1.,0.));
#2473=DIRECTION('center_axis',(1.,0.,-2.22044604925031E-16));
#2474=DIRECTION('ref_axis',(-2.22044604925031E-16,2.46519032881566E-32,
-1.));
#2475=DIRECTION('',(0.,1.,0.));
#2476=DIRECTION('center_axis',(2.22044604925031E-16,0.,1.));
#2477=DIRECTION('ref_axis',(1.,2.22044604925031E-16,-2.22044604925031E-16));
#2478=DIRECTION('',(0.,1.,0.));
#2479=DIRECTION('center_axis',(-1.,0.,2.22044604925031E-16));
#2480=DIRECTION('ref_axis',(2.22044604925031E-16,-2.46519032881566E-32,
1.));
#2481=DIRECTION('center_axis',(-4.11048171831176E-18,-1.,-2.36008252837131E-16));
#2482=DIRECTION('ref_axis',(0.,2.36008252837131E-16,-1.));
#2483=DIRECTION('center_axis',(-4.11048171831176E-18,-1.,-2.36008252837131E-16));
#2484=DIRECTION('ref_axis',(0.,0.,-1.));
#2485=DIRECTION('',(-2.72345997155844E-16,2.36008252837131E-16,-1.));
#2486=DIRECTION('center_axis',(-4.11048171831176E-18,-1.,-2.36008252837131E-16));
#2487=DIRECTION('ref_axis',(-1.,0.,2.98372437868011E-15));
#2488=DIRECTION('',(-1.,4.11048171831177E-18,-6.16240907216099E-17));
#2489=DIRECTION('center_axis',(-4.11048171831176E-18,-1.,-2.36008252837131E-16));
#2490=DIRECTION('ref_axis',(-8.32667268468868E-16,0.,1.));
#2491=DIRECTION('',(8.51081241112012E-17,-2.36008252837131E-16,1.));
#2492=DIRECTION('center_axis',(-4.11048171831176E-18,-1.,-2.36008252837131E-16));
#2493=DIRECTION('ref_axis',(1.,0.,2.22044604925032E-15));
#2494=DIRECTION('',(1.,-4.11048171831178E-18,9.85985451545759E-17));
#2495=DIRECTION('center_axis',(0.,1.,0.));
#2496=DIRECTION('ref_axis',(-1.,0.,0.));
#2497=DIRECTION('center_axis',(0.,1.,0.));
#2498=DIRECTION('ref_axis',(-1.,0.,0.));
#2499=DIRECTION('center_axis',(0.,1.,0.));
#2500=DIRECTION('ref_axis',(-1.,0.,0.));
#2501=DIRECTION('center_axis',(0.,1.,0.));
#2502=DIRECTION('ref_axis',(-1.,0.,0.));
#2503=DIRECTION('center_axis',(0.,1.,0.));
#2504=DIRECTION('ref_axis',(-8.32667268468868E-16,0.,1.));
#2505=DIRECTION('',(0.,1.,0.));
#2506=DIRECTION('center_axis',(0.,-1.,0.));
#2507=DIRECTION('ref_axis',(-8.32667268468868E-16,0.,1.));
#2508=DIRECTION('',(0.,1.,0.));
#2509=DIRECTION('center_axis',(6.16240907216099E-17,0.,-1.));
#2510=DIRECTION('ref_axis',(-1.,0.,-6.16240907216099E-17));
#2511=DIRECTION('',(0.,1.,0.));
#2512=DIRECTION('',(-1.,0.,-6.16240907216099E-17));
#2513=DIRECTION('center_axis',(0.,1.,0.));
#2514=DIRECTION('ref_axis',(-1.,0.,2.98372437868011E-15));
#2515=DIRECTION('',(0.,1.,0.));
#2516=DIRECTION('center_axis',(0.,-1.,0.));
#2517=DIRECTION('ref_axis',(-1.,0.,2.98372437868011E-15));
#2518=DIRECTION('center_axis',(1.,0.,-2.72345997155844E-16));
#2519=DIRECTION('ref_axis',(-2.72345997155844E-16,2.38302747511363E-16,
-1.));
#2520=DIRECTION('',(0.,1.,0.));
#2521=DIRECTION('',(-2.72345997155844E-16,2.38302747511363E-16,-1.));
#2522=DIRECTION('',(0.,1.,0.));
#2523=DIRECTION('center_axis',(1.,0.,-2.72345997155844E-16));
#2524=DIRECTION('ref_axis',(0.,0.707106781186549,0.707106781186546));
#2525=DIRECTION('',(-2.72345997155844E-16,0.,-1.));
#2526=DIRECTION('center_axis',(1.,0.,-2.72345997155844E-16));
#2527=DIRECTION('ref_axis',(0.,0.707106781186549,-0.707106781186546));
#2528=DIRECTION('',(0.,-1.,0.));
#2529=DIRECTION('center_axis',(1.,0.,-2.72345997155844E-16));
#2530=DIRECTION('ref_axis',(0.,-0.707106781186549,-0.707106781186546));
#2531=DIRECTION('',(2.72345997155844E-16,0.,1.));
#2532=DIRECTION('center_axis',(1.,0.,-2.72345997155844E-16));
#2533=DIRECTION('ref_axis',(0.,-0.707106781186546,0.707106781186549));
#2534=DIRECTION('center_axis',(1.,0.,0.));
#2535=DIRECTION('ref_axis',(0.,-0.707106781186549,-0.707106781186546));
#2536=DIRECTION('center_axis',(-1.,0.,2.72345997155844E-16));
#2537=DIRECTION('ref_axis',(0.,-0.707106781186549,-0.707106781186546));
#2538=DIRECTION('',(1.,0.,0.));
#2539=DIRECTION('',(-1.,0.,0.));
#2540=DIRECTION('center_axis',(0.,-1.,0.));
#2541=DIRECTION('ref_axis',(0.,0.,-1.));
#2542=DIRECTION('',(-2.72345997155844E-16,0.,-1.));
#2543=DIRECTION('',(-1.,0.,0.));
#2544=DIRECTION('center_axis',(1.,0.,0.));
#2545=DIRECTION('ref_axis',(0.,-0.707106781186546,0.707106781186549));
#2546=DIRECTION('center_axis',(-1.,0.,2.72345997155844E-16));
#2547=DIRECTION('ref_axis',(0.,-0.707106781186546,0.707106781186549));
#2548=DIRECTION('',(1.,0.,0.));
#2549=DIRECTION('center_axis',(0.,0.,1.));
#2550=DIRECTION('ref_axis',(0.,-1.,0.));
#2551=DIRECTION('',(0.,-1.,0.));
#2552=DIRECTION('',(-1.,0.,0.));
#2553=DIRECTION('center_axis',(1.,0.,0.));
#2554=DIRECTION('ref_axis',(0.,0.707106781186549,0.707106781186546));
#2555=DIRECTION('center_axis',(-1.,0.,2.72345997155844E-16));
#2556=DIRECTION('ref_axis',(0.,0.707106781186549,0.707106781186546));
#2557=DIRECTION('',(1.,0.,0.));
#2558=DIRECTION('center_axis',(0.,1.,0.));
#2559=DIRECTION('ref_axis',(0.,0.,1.));
#2560=DIRECTION('',(2.72345997155844E-16,0.,1.));
#2561=DIRECTION('',(-1.,0.,0.));
#2562=DIRECTION('center_axis',(1.,0.,0.));
#2563=DIRECTION('ref_axis',(0.,0.707106781186549,-0.707106781186546));
#2564=DIRECTION('center_axis',(-1.,0.,2.72345997155844E-16));
#2565=DIRECTION('ref_axis',(0.,0.707106781186549,-0.707106781186546));
#2566=DIRECTION('',(1.,0.,0.));
#2567=DIRECTION('center_axis',(0.,0.,-1.));
#2568=DIRECTION('ref_axis',(0.,1.,0.));
#2569=DIRECTION('',(0.,1.,0.));
#2570=DIRECTION('center_axis',(-1.,0.,8.51081241112012E-17));
#2571=DIRECTION('ref_axis',(8.51081241112012E-17,-2.38302747511363E-16,
1.));
#2572=DIRECTION('',(8.51081241112012E-17,-2.38302747511363E-16,1.));
#2573=DIRECTION('',(0.,1.,0.));
#2574=DIRECTION('center_axis',(0.,1.,0.));
#2575=DIRECTION('ref_axis',(1.,0.,2.22044604925032E-15));
#2576=DIRECTION('center_axis',(0.,-1.,0.));
#2577=DIRECTION('ref_axis',(1.,0.,2.22044604925032E-15));
#2578=DIRECTION('',(0.,1.,0.));
#2579=DIRECTION('center_axis',(-9.85985451545759E-17,0.,1.));
#2580=DIRECTION('ref_axis',(1.,0.,9.85985451545759E-17));
#2581=DIRECTION('',(1.,0.,9.85985451545759E-17));
#2582=DIRECTION('',(0.,1.,0.));
#2583=DIRECTION('center_axis',(0.,1.,0.));
#2584=DIRECTION('ref_axis',(0.,0.,-1.));
#2585=DIRECTION('center_axis',(0.,-1.,-5.55111512312578E-16));
#2586=DIRECTION('ref_axis',(0.,5.55111512312578E-16,-1.));
#2587=DIRECTION('center_axis',(0.,0.,1.));
#2588=DIRECTION('ref_axis',(1.,0.,0.));
#2589=DIRECTION('',(-1.,0.,0.));
#2590=DIRECTION('',(0.,1.,0.));
#2591=DIRECTION('',(1.,0.,0.));
#2592=DIRECTION('',(0.,1.,0.));
#2593=DIRECTION('center_axis',(0.,1.,0.));
#2594=DIRECTION('ref_axis',(-1.,0.,1.6306400674182E-15));
#2595=DIRECTION('center_axis',(-1.31020984406574E-64,1.,-8.03494204665412E-50));
#2596=DIRECTION('ref_axis',(-1.,0.,1.6306400674182E-15));
#2597=DIRECTION('center_axis',(-1.31020984406574E-64,1.,-8.03494204665412E-50));
#2598=DIRECTION('ref_axis',(-1.,0.,1.6306400674182E-15));
#2599=DIRECTION('',(0.,1.,0.));
#2600=DIRECTION('center_axis',(-1.,0.,2.72345997155844E-16));
#2601=DIRECTION('ref_axis',(2.72345997155844E-16,-2.38302747511363E-16,
1.));
#2602=DIRECTION('',(-2.72345997155844E-16,2.38302747511363E-16,-1.));
#2603=DIRECTION('',(2.72345997155844E-16,-2.38302747511363E-16,1.));
#2604=DIRECTION('',(0.,1.,0.));
#2605=DIRECTION('center_axis',(0.,1.,0.));
#2606=DIRECTION('ref_axis',(0.,0.,-1.));
#2607=DIRECTION('center_axis',(0.,1.,2.77555756156289E-16));
#2608=DIRECTION('ref_axis',(0.,2.77555756156289E-16,-1.));
#2609=DIRECTION('center_axis',(0.,1.,2.77555756156289E-16));
#2610=DIRECTION('ref_axis',(0.,2.77555756156289E-16,-1.));
#2611=DIRECTION('',(0.,1.,0.));
#2612=DIRECTION('center_axis',(9.85985451545759E-17,0.,-1.));
#2613=DIRECTION('ref_axis',(-1.,0.,-9.85985451545759E-17));
#2614=DIRECTION('',(1.,0.,9.85985451545759E-17));
#2615=DIRECTION('',(-1.,0.,-9.85985451545759E-17));
#2616=DIRECTION('',(0.,1.,0.));
#2617=DIRECTION('center_axis',(0.,1.,0.));
#2618=DIRECTION('ref_axis',(1.,0.,1.11022302462516E-15));
#2619=DIRECTION('center_axis',(3.02523128471335E-50,1.,-2.72488609730891E-35));
#2620=DIRECTION('ref_axis',(1.,-5.93472984109988E-66,1.11022302462516E-15));
#2621=DIRECTION('center_axis',(3.02523128471335E-50,1.,-2.72488609730891E-35));
#2622=DIRECTION('ref_axis',(1.,-5.93472984109988E-66,1.11022302462516E-15));
#2623=DIRECTION('',(0.,1.,0.));
#2624=DIRECTION('center_axis',(1.,0.,-6.8086499288961E-17));
#2625=DIRECTION('ref_axis',(-6.8086499288961E-17,2.38302747511363E-16,-1.));
#2626=DIRECTION('',(6.8086499288961E-17,-2.38302747511363E-16,1.));
#2627=DIRECTION('',(-6.8086499288961E-17,2.38302747511363E-16,-1.));
#2628=DIRECTION('',(0.,1.,0.));
#2629=DIRECTION('center_axis',(0.,1.,0.));
#2630=DIRECTION('ref_axis',(-4.16333634234434E-16,0.,1.));
#2631=DIRECTION('center_axis',(-2.08640934095886E-35,1.,-8.68642383422074E-51));
#2632=DIRECTION('ref_axis',(-4.16333634234434E-16,0.,1.));
#2633=DIRECTION('center_axis',(-2.08640934095886E-35,1.,-8.68642383422074E-51));
#2634=DIRECTION('ref_axis',(-4.16333634234434E-16,0.,1.));
#2635=DIRECTION('center_axis',(0.,1.,2.38302747511363E-16));
#2636=DIRECTION('ref_axis',(-1.,0.,0.));
#2637=DIRECTION('center_axis',(0.,1.,2.38302747511363E-16));
#2638=DIRECTION('ref_axis',(-1.,0.,0.));
#2639=DIRECTION('center_axis',(0.,1.,0.));
#2640=DIRECTION('ref_axis',(0.,0.,1.));
#2641=DIRECTION('center_axis',(0.,-1.,0.));
#2642=DIRECTION('ref_axis',(0.,0.,1.));
#2643=DIRECTION('',(-1.04972719113862E-16,-0.515038074910054,0.857167300702112));
#2644=DIRECTION('center_axis',(0.,-1.,0.));
#2645=DIRECTION('ref_axis',(0.,0.,1.));
#2646=DIRECTION('center_axis',(0.,-1.,0.));
#2647=DIRECTION('ref_axis',(0.,0.,1.));
#2648=DIRECTION('',(0.,-1.,0.));
#2649=DIRECTION('center_axis',(0.,1.,0.));
#2650=DIRECTION('ref_axis',(-1.,0.,0.));
#2651=DIRECTION('center_axis',(0.,1.,0.));
#2652=DIRECTION('ref_axis',(-1.,0.,0.));
#2653=DIRECTION('',(0.,-1.,0.));
#2654=DIRECTION('center_axis',(0.,1.,0.));
#2655=DIRECTION('ref_axis',(-1.,0.,0.));
#2656=DIRECTION('center_axis',(0.,1.,0.));
#2657=DIRECTION('ref_axis',(0.,0.,1.));
#2658=DIRECTION('center_axis',(0.,-1.,0.));
#2659=DIRECTION('ref_axis',(0.,0.,1.));
#2660=DIRECTION('',(-1.04972719113862E-16,-0.515038074910054,0.857167300702112));
#2661=DIRECTION('center_axis',(0.,-1.,0.));
#2662=DIRECTION('ref_axis',(0.,0.,1.));
#2663=DIRECTION('center_axis',(0.,-1.,0.));
#2664=DIRECTION('ref_axis',(0.,0.,1.));
#2665=DIRECTION('',(0.,-1.,0.));
#2666=DIRECTION('center_axis',(0.,1.,0.));
#2667=DIRECTION('ref_axis',(-1.,0.,0.));
#2668=DIRECTION('center_axis',(0.,1.,0.));
#2669=DIRECTION('ref_axis',(-1.,0.,0.));
#2670=DIRECTION('',(0.,-1.,0.));
#2671=DIRECTION('center_axis',(0.,1.,0.));
#2672=DIRECTION('ref_axis',(-1.,0.,0.));
#2673=DIRECTION('center_axis',(0.,1.,0.));
#2674=DIRECTION('ref_axis',(0.,0.,1.));
#2675=DIRECTION('center_axis',(0.,-1.,0.));
#2676=DIRECTION('ref_axis',(0.,0.,1.));
#2677=DIRECTION('',(-1.04972719113862E-16,-0.515038074910054,0.857167300702112));
#2678=DIRECTION('center_axis',(0.,-1.,0.));
#2679=DIRECTION('ref_axis',(0.,0.,1.));
#2680=DIRECTION('center_axis',(0.,-1.,0.));
#2681=DIRECTION('ref_axis',(0.,0.,1.));
#2682=DIRECTION('',(0.,-1.,0.));
#2683=DIRECTION('center_axis',(0.,1.,0.));
#2684=DIRECTION('ref_axis',(-1.,0.,0.));
#2685=DIRECTION('center_axis',(0.,1.,0.));
#2686=DIRECTION('ref_axis',(-1.,0.,0.));
#2687=DIRECTION('',(0.,-1.,0.));
#2688=DIRECTION('center_axis',(0.,1.,0.));
#2689=DIRECTION('ref_axis',(-1.,0.,0.));
#2690=DIRECTION('center_axis',(0.,1.,0.));
#2691=DIRECTION('ref_axis',(0.,0.,1.));
#2692=DIRECTION('center_axis',(0.,-1.,0.));
#2693=DIRECTION('ref_axis',(0.,0.,1.));
#2694=DIRECTION('',(-1.04972719113862E-16,-0.515038074910054,0.857167300702112));
#2695=DIRECTION('center_axis',(0.,-1.,0.));
#2696=DIRECTION('ref_axis',(0.,0.,1.));
#2697=DIRECTION('center_axis',(0.,-1.,0.));
#2698=DIRECTION('ref_axis',(0.,0.,1.));
#2699=DIRECTION('',(0.,-1.,0.));
#2700=DIRECTION('center_axis',(0.,1.,0.));
#2701=DIRECTION('ref_axis',(-1.,0.,0.));
#2702=DIRECTION('center_axis',(0.,1.,0.));
#2703=DIRECTION('ref_axis',(-1.,0.,0.));
#2704=DIRECTION('',(0.,-1.,0.));
#2705=DIRECTION('center_axis',(0.,1.,0.));
#2706=DIRECTION('ref_axis',(-1.,0.,0.));
#2707=CARTESIAN_POINT('',(0.,0.,0.));
#2708=CARTESIAN_POINT('Origin',(2.25569021998755,3.,-66.1088890349623));
#2709=CARTESIAN_POINT('',(3.10092674346895,3.,-67.9215046090356));
#2710=CARTESIAN_POINT('Origin',(2.25569021998755,3.,-66.1088890349623));
#2711=CARTESIAN_POINT('',(2.93187943877268,3.,-67.558981494221));
#2712=CARTESIAN_POINT('Origin',(2.25569021998755,3.,-66.1088890349623));
#2713=CARTESIAN_POINT('Origin',(2.25569021998755,3.5,-66.1088890349623));
#2714=CARTESIAN_POINT('',(3.10092674346895,4.,-67.9215046090356));
#2715=CARTESIAN_POINT('Origin',(2.25569021998755,4.,-66.1088890349623));
#2716=CARTESIAN_POINT('',(3.10092674346895,3.5,-67.9215046090356));
#2717=CARTESIAN_POINT('Origin',(2.25569021998755,1.75,-66.1088890349623));
#2718=CARTESIAN_POINT('',(2.93187943877268,5.55111512312578E-16,-67.558981494221));
#2719=CARTESIAN_POINT('',(2.93187943877267,1.75,-67.558981494221));
#2720=CARTESIAN_POINT('Origin',(2.25569021998755,4.16333634234434E-16,-66.1088890349623));
#2721=CARTESIAN_POINT('Origin',(2.25539420937188,3.,-2.0411974961527));
#2722=CARTESIAN_POINT('',(2.08108272387656,3.,-4.03358689233619));
#2723=CARTESIAN_POINT('Origin',(2.25539420937188,3.,-2.0411974961527));
#2724=CARTESIAN_POINT('',(2.11594502097562,3.,-3.63510901309949));
#2725=CARTESIAN_POINT('Origin',(2.25539420937188,3.,-2.0411974961527));
#2726=CARTESIAN_POINT('Origin',(2.25539420937187,3.5,-2.0411974961527));
#2727=CARTESIAN_POINT('',(2.08108272387656,4.,-4.03358689233619));
#2728=CARTESIAN_POINT('Origin',(2.25539420937187,4.,-2.0411974961527));
#2729=CARTESIAN_POINT('',(2.08108272387656,3.5,-4.03358689233619));
#2730=CARTESIAN_POINT('Origin',(2.25539420937188,1.75,-2.0411974961527));
#2731=CARTESIAN_POINT('',(2.11594502097562,1.38777878078145E-16,-3.63510901309949));
#2732=CARTESIAN_POINT('',(2.11594502097562,1.75,-3.63510901309949));
#2733=CARTESIAN_POINT('Origin',(2.25539420937188,2.77555756156289E-16,-2.0411974961527));
#2734=CARTESIAN_POINT('Origin',(-84.1066024512004,2.99999999999998,-66.0119019442109));
#2735=CARTESIAN_POINT('',(-84.1066024512004,2.99999999999998,-68.0119019442109));
#2736=CARTESIAN_POINT('Origin',(-84.1066024512004,2.99999999999998,-66.0119019442109));
#2737=CARTESIAN_POINT('',(-84.1066024512004,2.99999999999998,-67.6119019442109));
#2738=CARTESIAN_POINT('Origin',(-84.1066024512004,2.99999999999998,-66.0119019442109));
#2739=CARTESIAN_POINT('Origin',(-84.1066024512004,3.49999999999998,-66.0119019442109));
#2740=CARTESIAN_POINT('',(-84.1066024512004,3.99999999999998,-68.0119019442109));
#2741=CARTESIAN_POINT('Origin',(-84.1066024512004,3.99999999999998,-66.0119019442109));
#2742=CARTESIAN_POINT('',(-84.1066024512004,3.49999999999998,-68.0119019442109));
#2743=CARTESIAN_POINT('Origin',(-84.1066024512004,1.74999999999998,-66.0119019442109));
#2744=CARTESIAN_POINT('',(-84.1066024512004,-1.88737914186277E-14,-67.6119019442109));
#2745=CARTESIAN_POINT('',(-84.1066024512004,1.74999999999998,-67.6119019442109));
#2746=CARTESIAN_POINT('Origin',(-84.1066024512004,-1.88737914186277E-14,
-66.0119019442109));
#2747=CARTESIAN_POINT('Origin',(-84.104651110089,2.99999999999998,-1.53191958656653));
#2748=CARTESIAN_POINT('',(-84.9498876335704,2.99999999999998,-3.34453516063983));
#2749=CARTESIAN_POINT('Origin',(-84.104651110089,2.99999999999998,-1.53191958656653));
#2750=CARTESIAN_POINT('',(-84.7808403288741,2.99999999999998,-2.98201204582517));
#2751=CARTESIAN_POINT('Origin',(-84.104651110089,2.99999999999998,-1.53191958656653));
#2752=CARTESIAN_POINT('Origin',(-84.104651110089,3.49999999999998,-1.53191958656653));
#2753=CARTESIAN_POINT('',(-84.9498876335704,3.99999999999998,-3.34453516063983));
#2754=CARTESIAN_POINT('Origin',(-84.104651110089,3.99999999999998,-1.53191958656653));
#2755=CARTESIAN_POINT('',(-84.9498876335704,3.49999999999998,-3.34453516063983));
#2756=CARTESIAN_POINT('Origin',(-84.104651110089,1.74999999999998,-1.53191958656653));
#2757=CARTESIAN_POINT('',(-84.7808403288741,-1.90125692967058E-14,-2.98201204582517));
#2758=CARTESIAN_POINT('',(-84.7808403288741,1.74999999999998,-2.98201204582517));
#2759=CARTESIAN_POINT('Origin',(-84.104651110089,-1.88737914186277E-14,
-1.53191958656653));
#2760=CARTESIAN_POINT('Origin',(2.89999999998415,-9.99200722162641E-15,
-1.50000000001585));
#2761=CARTESIAN_POINT('',(2.89999999998415,4.16333634234434E-16,6.5));
#2762=CARTESIAN_POINT('',(10.9,2.08166817117217E-15,-1.50000000001585));
#2763=CARTESIAN_POINT('Origin',(2.89999999998415,-1.02695629777827E-14,
-1.50000000001585));
#2764=CARTESIAN_POINT('',(10.9,4.,-1.50000000001585));
#2765=CARTESIAN_POINT('',(10.9,-9.99200722162641E-15,-1.50000000001585));
#2766=CARTESIAN_POINT('',(2.89999999998415,4.,6.5));
#2767=CARTESIAN_POINT('Origin',(2.89999999998415,3.99999999999999,-1.50000000001585));
#2768=CARTESIAN_POINT('',(2.89999999998415,-9.99200722162641E-15,6.5));
#2769=CARTESIAN_POINT('Origin',(-82.2,-1.95676808090184E-14,6.50000000000002));
#2770=CARTESIAN_POINT('',(-87.0999999999842,3.99999999999998,6.50000000000002));
#2771=CARTESIAN_POINT('',(-63.625,3.99999999999999,6.50000000000001));
#2772=CARTESIAN_POINT('',(-87.0999999999842,-1.95676808090184E-14,6.50000000000002));
#2773=CARTESIAN_POINT('',(-87.0999999999842,-1.99840144432528E-14,6.50000000000002));
#2774=CARTESIAN_POINT('',(-63.625,-1.4432899320127E-14,6.50000000000001));
#2775=CARTESIAN_POINT('Origin',(-45.05,3.99999999999999,-34.05));
#2776=CARTESIAN_POINT('',(10.9,4.,-66.5999999999842));
#2777=CARTESIAN_POINT('',(10.9,4.,-18.525));
#2778=CARTESIAN_POINT('',(2.89999999998415,4.,-74.6));
#2779=CARTESIAN_POINT('Origin',(2.89999999998415,3.99999999999999,-66.5999999999842));
#2780=CARTESIAN_POINT('',(-87.0999999999842,3.99999999999998,-74.6));
#2781=CARTESIAN_POINT('',(-21.575,4.,-74.6));
#2782=CARTESIAN_POINT('',(-95.1,3.99999999999998,-66.5999999999841));
#2783=CARTESIAN_POINT('Origin',(-87.0999999999842,3.99999999999999,-66.5999999999841));
#2784=CARTESIAN_POINT('',(-95.1,3.99999999999998,-1.50000000001583));
#2785=CARTESIAN_POINT('',(-95.1,3.99999999999998,-49.575));
#2786=CARTESIAN_POINT('Origin',(-87.0999999999842,3.99999999999999,-1.50000000001583));
#2787=CARTESIAN_POINT('',(-22.,3.99999999999999,-46.1));
#2788=CARTESIAN_POINT('',(-22.,3.99999999999999,-60.1));
#2789=CARTESIAN_POINT('',(-22.,3.99999999999999,-47.075));
#2790=CARTESIAN_POINT('',(-8.00000000000001,4.,-60.1));
#2791=CARTESIAN_POINT('',(-26.525,3.99999999999999,-60.1));
#2792=CARTESIAN_POINT('',(-8.00000000000001,4.,-46.1));
#2793=CARTESIAN_POINT('',(-8.00000000000001,4.,-40.075));
#2794=CARTESIAN_POINT('',(-33.525,3.99999999999999,-46.1));
#2795=CARTESIAN_POINT('',(-60.1,3.99999999999999,-7.99999999999999));
#2796=CARTESIAN_POINT('',(-60.1,3.99999999999999,-22.));
#2797=CARTESIAN_POINT('',(-60.1,3.99999999999999,-28.025));
#2798=CARTESIAN_POINT('',(-46.1,3.99999999999999,-22.));
#2799=CARTESIAN_POINT('',(-45.575,3.99999999999999,-22.));
#2800=CARTESIAN_POINT('',(-46.1,3.99999999999999,-7.99999999999999));
#2801=CARTESIAN_POINT('',(-46.1,3.99999999999999,-21.025));
#2802=CARTESIAN_POINT('',(-52.575,3.99999999999999,-7.99999999999999));
#2803=CARTESIAN_POINT('',(-46.1,3.99999999999999,-41.05));
#2804=CARTESIAN_POINT('',(-46.1,3.99999999999999,-27.05));
#2805=CARTESIAN_POINT('',(-46.1,3.99999999999999,-30.55));
#2806=CARTESIAN_POINT('',(-60.1,3.99999999999999,-27.05));
#2807=CARTESIAN_POINT('',(-52.575,3.99999999999999,-27.05));
#2808=CARTESIAN_POINT('',(-60.1,3.99999999999999,-41.05));
#2809=CARTESIAN_POINT('',(-60.1,3.99999999999999,-37.55));
#2810=CARTESIAN_POINT('',(-45.575,3.99999999999999,-41.05));
#2811=CARTESIAN_POINT('',(-41.05,3.99999999999999,-60.1));
#2812=CARTESIAN_POINT('',(-27.05,3.99999999999999,-60.1));
#2813=CARTESIAN_POINT('',(-36.05,3.99999999999999,-60.1));
#2814=CARTESIAN_POINT('',(-27.05,3.99999999999999,-46.1));
#2815=CARTESIAN_POINT('',(-27.05,3.99999999999999,-40.075));
#2816=CARTESIAN_POINT('',(-41.05,3.99999999999999,-46.1));
#2817=CARTESIAN_POINT('',(-43.05,3.99999999999999,-46.1));
#2818=CARTESIAN_POINT('',(-41.05,3.99999999999999,-47.075));
#2819=CARTESIAN_POINT('',(-8.00000000000001,4.,-41.05));
#2820=CARTESIAN_POINT('',(-8.00000000000001,4.,-27.05));
#2821=CARTESIAN_POINT('',(-8.00000000000001,4.,-30.55));
#2822=CARTESIAN_POINT('',(-22.,3.99999999999999,-27.05));
#2823=CARTESIAN_POINT('',(-33.525,3.99999999999999,-27.05));
#2824=CARTESIAN_POINT('',(-22.,3.99999999999999,-41.05));
#2825=CARTESIAN_POINT('',(-22.,3.99999999999999,-37.55));
#2826=CARTESIAN_POINT('',(-26.525,3.99999999999999,-41.05));
#2827=CARTESIAN_POINT('',(-27.05,3.99999999999999,-22.));
#2828=CARTESIAN_POINT('',(-27.05,3.99999999999999,-7.99999999999999));
#2829=CARTESIAN_POINT('',(-27.05,3.99999999999999,-21.025));
#2830=CARTESIAN_POINT('',(-41.05,3.99999999999999,-7.99999999999999));
#2831=CARTESIAN_POINT('',(-43.05,3.99999999999999,-7.99999999999999));
#2832=CARTESIAN_POINT('',(-41.05,3.99999999999999,-22.));
#2833=CARTESIAN_POINT('',(-41.05,3.99999999999999,-28.025));
#2834=CARTESIAN_POINT('',(-36.05,3.99999999999999,-22.));
#2835=CARTESIAN_POINT('',(-60.1,3.99999999999999,-60.1));
#2836=CARTESIAN_POINT('',(-46.1,3.99999999999999,-60.1));
#2837=CARTESIAN_POINT('',(-45.575,3.99999999999999,-60.1));
#2838=CARTESIAN_POINT('',(-46.1,3.99999999999999,-46.1));
#2839=CARTESIAN_POINT('',(-46.1,3.99999999999999,-40.075));
#2840=CARTESIAN_POINT('',(-60.1,3.99999999999999,-46.1));
#2841=CARTESIAN_POINT('',(-52.575,3.99999999999999,-46.1));
#2842=CARTESIAN_POINT('',(-60.1,3.99999999999999,-47.075));
#2843=CARTESIAN_POINT('',(-41.05,3.99999999999999,-27.05));
#2844=CARTESIAN_POINT('',(-41.05,3.99999999999999,-41.05));
#2845=CARTESIAN_POINT('',(-41.05,3.99999999999999,-37.55));
#2846=CARTESIAN_POINT('',(-27.05,3.99999999999999,-41.05));
#2847=CARTESIAN_POINT('',(-36.05,3.99999999999999,-41.05));
#2848=CARTESIAN_POINT('',(-27.05,3.99999999999999,-27.05));
#2849=CARTESIAN_POINT('',(-27.05,3.99999999999999,-30.55));
#2850=CARTESIAN_POINT('',(-43.05,3.99999999999999,-27.05));
#2851=CARTESIAN_POINT('',(-22.,3.99999999999999,-22.));
#2852=CARTESIAN_POINT('',(-8.00000000000001,4.,-22.));
#2853=CARTESIAN_POINT('',(-26.525,3.99999999999999,-22.));
#2854=CARTESIAN_POINT('',(-8.,4.,-8.));
#2855=CARTESIAN_POINT('',(-8.,4.,-21.025));
#2856=CARTESIAN_POINT('',(-22.,3.99999999999999,-8.));
#2857=CARTESIAN_POINT('',(-33.525,3.99999999999999,-7.99999999999999));
#2858=CARTESIAN_POINT('',(-22.,3.99999999999999,-28.025));
#2859=CARTESIAN_POINT('',(-80.55,3.99999999999998,-9.35400000000003));
#2860=CARTESIAN_POINT('',(-80.55,3.99999999999998,-35.954));
#2861=CARTESIAN_POINT('',(-80.55,3.99999999999998,-21.852));
#2862=CARTESIAN_POINT('',(-68.75,3.99999999999998,-35.954));
#2863=CARTESIAN_POINT('',(-63.35,3.99999999999999,-35.954));
#2864=CARTESIAN_POINT('',(-68.75,3.99999999999998,-9.35400000000002));
#2865=CARTESIAN_POINT('',(-68.75,3.99999999999998,-34.852));
#2866=CARTESIAN_POINT('',(-57.85,3.99999999999999,-9.35400000000003));
#2867=CARTESIAN_POINT('Origin',(2.89999999998415,-5.55111512312578E-16,
-66.5999999999842));
#2868=CARTESIAN_POINT('',(10.9,2.08166817117217E-15,-66.5999999999842));
#2869=CARTESIAN_POINT('',(2.89999999998415,4.16333634234434E-16,-74.6));
#2870=CARTESIAN_POINT('Origin',(2.89999999998415,-1.02695629777827E-14,
-66.5999999999842));
#2871=CARTESIAN_POINT('',(2.89999999998415,-5.55111512312578E-16,-74.6));
#2872=CARTESIAN_POINT('',(10.9,-5.55111512312578E-16,-66.5999999999842));
#2873=CARTESIAN_POINT('Origin',(1.89999999999998,-9.71445146547012E-16,
-74.6));
#2874=CARTESIAN_POINT('',(-87.0999999999842,-1.95676808090184E-14,-74.6));
#2875=CARTESIAN_POINT('',(-21.575,-5.13478148889135E-15,-74.6));
#2876=CARTESIAN_POINT('',(-87.0999999999842,-1.0547118733939E-14,-74.6));
#2877=CARTESIAN_POINT('Origin',(10.9,-2.77555756156289E-16,-3.));
#2878=CARTESIAN_POINT('',(10.9,2.08166817117217E-15,-18.525));
#2879=CARTESIAN_POINT('Origin',(-87.0999999999842,-1.0547118733939E-14,
-66.5999999999841));
#2880=CARTESIAN_POINT('',(-95.1,-2.13717932240343E-14,-66.5999999999841));
#2881=CARTESIAN_POINT('Origin',(-87.0999999999842,-1.02695629777827E-14,
-66.5999999999841));
#2882=CARTESIAN_POINT('',(-95.1,-1.0547118733939E-14,-66.5999999999841));
#2883=CARTESIAN_POINT('Origin',(-95.1,-2.02615701994091E-14,-65.1));
#2884=CARTESIAN_POINT('',(-95.1,-2.13717932240343E-14,-1.50000000001583));
#2885=CARTESIAN_POINT('',(-95.1,-2.13717932240343E-14,-49.575));
#2886=CARTESIAN_POINT('',(-95.1,-1.99840144432528E-14,-1.50000000001583));
#2887=CARTESIAN_POINT('Origin',(-45.05,-1.02695629777827E-14,-34.05));
#2888=CARTESIAN_POINT('Origin',(-87.0999999999842,-1.02695629777827E-14,
-1.50000000001583));
#2889=CARTESIAN_POINT('',(-22.,-5.13478148889135E-15,-60.1));
#2890=CARTESIAN_POINT('',(-22.,-5.13478148889135E-15,-46.1));
#2891=CARTESIAN_POINT('',(-22.,-5.13478148889135E-15,-47.075));
#2892=CARTESIAN_POINT('',(-8.00000000000001,-2.08166817117217E-15,-46.1));
#2893=CARTESIAN_POINT('',(-33.525,-7.7715611723761E-15,-46.1));
#2894=CARTESIAN_POINT('',(-8.00000000000001,-2.08166817117217E-15,-60.1));
#2895=CARTESIAN_POINT('',(-8.00000000000001,-2.08166817117217E-15,-40.075));
#2896=CARTESIAN_POINT('',(-26.525,-6.10622663543836E-15,-60.1));
#2897=CARTESIAN_POINT('',(-60.1,-1.36002320516582E-14,-22.));
#2898=CARTESIAN_POINT('',(-60.1,-1.36002320516582E-14,-7.99999999999999));
#2899=CARTESIAN_POINT('',(-60.1,-1.36002320516582E-14,-28.025));
#2900=CARTESIAN_POINT('',(-46.1,-1.0547118733939E-14,-7.99999999999999));
#2901=CARTESIAN_POINT('',(-52.575,-1.19348975147204E-14,-7.99999999999999));
#2902=CARTESIAN_POINT('',(-46.1,-1.0547118733939E-14,-22.));
#2903=CARTESIAN_POINT('',(-46.1,-1.0547118733939E-14,-21.025));
#2904=CARTESIAN_POINT('',(-45.575,-1.04083408558608E-14,-22.));
#2905=CARTESIAN_POINT('',(-46.1,-1.0547118733939E-14,-27.05));
#2906=CARTESIAN_POINT('',(-46.1,-1.0547118733939E-14,-41.05));
#2907=CARTESIAN_POINT('',(-46.1,-1.0547118733939E-14,-30.55));
#2908=CARTESIAN_POINT('',(-60.1,-1.36002320516582E-14,-41.05));
#2909=CARTESIAN_POINT('',(-45.575,-1.04083408558608E-14,-41.05));
#2910=CARTESIAN_POINT('',(-60.1,-1.36002320516582E-14,-27.05));
#2911=CARTESIAN_POINT('',(-60.1,-1.36002320516582E-14,-37.55));
#2912=CARTESIAN_POINT('',(-52.575,-1.19348975147204E-14,-27.05));
#2913=CARTESIAN_POINT('',(-27.05,-6.24500451351651E-15,-60.1));
#2914=CARTESIAN_POINT('',(-41.05,-9.43689570931383E-15,-60.1));
#2915=CARTESIAN_POINT('',(-36.05,-8.32667268468867E-15,-60.1));
#2916=CARTESIAN_POINT('',(-41.05,-9.43689570931383E-15,-46.1));
#2917=CARTESIAN_POINT('',(-41.05,-9.43689570931383E-15,-47.075));
#2918=CARTESIAN_POINT('',(-27.05,-6.24500451351651E-15,-46.1));
#2919=CARTESIAN_POINT('',(-43.05,-9.85322934354826E-15,-46.1));
#2920=CARTESIAN_POINT('',(-27.05,-6.24500451351651E-15,-40.075));
#2921=CARTESIAN_POINT('',(-8.00000000000001,-2.08166817117217E-15,-27.05));
#2922=CARTESIAN_POINT('',(-8.00000000000001,-2.08166817117217E-15,-41.05));
#2923=CARTESIAN_POINT('',(-8.00000000000001,-2.08166817117217E-15,-30.55));
#2924=CARTESIAN_POINT('',(-22.,-5.13478148889135E-15,-41.05));
#2925=CARTESIAN_POINT('',(-26.525,-6.10622663543836E-15,-41.05));
#2926=CARTESIAN_POINT('',(-22.,-5.13478148889135E-15,-27.05));
#2927=CARTESIAN_POINT('',(-22.,-5.13478148889135E-15,-37.55));
#2928=CARTESIAN_POINT('',(-33.525,-7.7715611723761E-15,-27.05));
#2929=CARTESIAN_POINT('',(-27.05,-6.24500451351651E-15,-7.99999999999999));
#2930=CARTESIAN_POINT('',(-27.05,-6.24500451351651E-15,-22.));
#2931=CARTESIAN_POINT('',(-27.05,-6.24500451351651E-15,-21.025));
#2932=CARTESIAN_POINT('',(-41.05,-9.43689570931383E-15,-22.));
#2933=CARTESIAN_POINT('',(-36.05,-8.32667268468867E-15,-22.));
#2934=CARTESIAN_POINT('',(-41.05,-9.43689570931383E-15,-7.99999999999999));
#2935=CARTESIAN_POINT('',(-41.05,-9.43689570931383E-15,-28.025));
#2936=CARTESIAN_POINT('',(-43.05,-9.85322934354826E-15,-7.99999999999999));
#2937=CARTESIAN_POINT('',(-46.1,-1.0547118733939E-14,-60.1));
#2938=CARTESIAN_POINT('',(-60.1,-1.36002320516582E-14,-60.1));
#2939=CARTESIAN_POINT('',(-45.575,-1.04083408558608E-14,-60.1));
#2940=CARTESIAN_POINT('',(-60.1,-1.36002320516582E-14,-46.1));
#2941=CARTESIAN_POINT('',(-60.1,-1.36002320516582E-14,-47.075));
#2942=CARTESIAN_POINT('',(-46.1,-1.0547118733939E-14,-46.1));
#2943=CARTESIAN_POINT('',(-52.575,-1.19348975147204E-14,-46.1));
#2944=CARTESIAN_POINT('',(-46.1,-1.0547118733939E-14,-40.075));
#2945=CARTESIAN_POINT('',(-41.05,-9.43689570931383E-15,-41.05));
#2946=CARTESIAN_POINT('',(-41.05,-9.43689570931383E-15,-27.05));
#2947=CARTESIAN_POINT('',(-41.05,-9.43689570931383E-15,-37.55));
#2948=CARTESIAN_POINT('',(-27.05,-6.24500451351651E-15,-27.05));
#2949=CARTESIAN_POINT('',(-43.05,-9.85322934354826E-15,-27.05));
#2950=CARTESIAN_POINT('',(-27.05,-6.24500451351651E-15,-41.05));
#2951=CARTESIAN_POINT('',(-27.05,-6.24500451351651E-15,-30.55));
#2952=CARTESIAN_POINT('',(-36.05,-8.32667268468867E-15,-41.05));
#2953=CARTESIAN_POINT('',(-8.00000000000001,-2.08166817117217E-15,-22.));
#2954=CARTESIAN_POINT('',(-22.,-5.13478148889135E-15,-22.));
#2955=CARTESIAN_POINT('',(-26.525,-6.10622663543836E-15,-22.));
#2956=CARTESIAN_POINT('',(-22.,-5.13478148889135E-15,-8.));
#2957=CARTESIAN_POINT('',(-22.,-5.13478148889135E-15,-28.025));
#2958=CARTESIAN_POINT('',(-8.,-2.08166817117217E-15,-8.));
#2959=CARTESIAN_POINT('',(-33.525,-7.7715611723761E-15,-7.99999999999999));
#2960=CARTESIAN_POINT('',(-8.,-2.08166817117217E-15,-21.025));
#2961=CARTESIAN_POINT('',(-80.55,-1.80411241501588E-14,-35.954));
#2962=CARTESIAN_POINT('',(-80.55,-1.80411241501588E-14,-9.35400000000003));
#2963=CARTESIAN_POINT('',(-80.55,-1.85962356624714E-14,-21.852));
#2964=CARTESIAN_POINT('',(-68.75,-1.58206781009085E-14,-9.35400000000002));
#2965=CARTESIAN_POINT('',(-57.85,-1.30451205393456E-14,-9.35400000000003));
#2966=CARTESIAN_POINT('',(-68.75,-1.58206781009085E-14,-35.954));
#2967=CARTESIAN_POINT('',(-68.75,-1.58206781009085E-14,-34.852));
#2968=CARTESIAN_POINT('',(-63.35,-1.41553435639707E-14,-35.954));
#2969=CARTESIAN_POINT('Origin',(-87.0999999999842,-1.99840144432528E-14,
-1.50000000001583));
#2970=CARTESIAN_POINT('Origin',(-68.75,6.49499999999999,-35.654));
#2971=CARTESIAN_POINT('',(-68.75,6.49499999999999,-35.954));
#2972=CARTESIAN_POINT('',(-68.75,6.49499999999999,-9.35400000000002));
#2973=CARTESIAN_POINT('Origin',(-70.65,6.49499999999999,-9.35400000000003));
#2974=CARTESIAN_POINT('',(-80.55,6.49499999999998,-9.35400000000003));
#2975=CARTESIAN_POINT('Origin',(-80.55,6.49499999999998,-9.65400000000003));
#2976=CARTESIAN_POINT('',(-80.55,6.49499999999998,-35.954));
#2977=CARTESIAN_POINT('Origin',(-81.65,6.49499999999998,-35.954));
#2978=CARTESIAN_POINT('Origin',(-22.,-5.13478148889135E-15,-60.1));
#2979=CARTESIAN_POINT('',(-22.,-5.13478148889135E-15,-60.1));
#2980=CARTESIAN_POINT('',(-22.,-5.13478148889135E-15,-46.1));
#2981=CARTESIAN_POINT('Origin',(-8.00000000000001,-2.08166817117217E-15,
-60.1));
#2982=CARTESIAN_POINT('',(-8.00000000000001,-2.08166817117217E-15,-60.1));
#2983=CARTESIAN_POINT('Origin',(-8.00000000000001,-2.08166817117217E-15,
-46.1));
#2984=CARTESIAN_POINT('',(-8.00000000000001,-2.08166817117217E-15,-46.1));
#2985=CARTESIAN_POINT('Origin',(-22.,-5.13478148889135E-15,-46.1));
#2986=CARTESIAN_POINT('Origin',(-60.1,-1.36002320516582E-14,-22.));
#2987=CARTESIAN_POINT('',(-60.1,-1.36002320516582E-14,-22.));
#2988=CARTESIAN_POINT('',(-60.1,-1.36002320516582E-14,-7.99999999999999));
#2989=CARTESIAN_POINT('Origin',(-46.1,-1.0547118733939E-14,-22.));
#2990=CARTESIAN_POINT('',(-46.1,-1.0547118733939E-14,-22.));
#2991=CARTESIAN_POINT('Origin',(-46.1,-1.0547118733939E-14,-7.99999999999999));
#2992=CARTESIAN_POINT('',(-46.1,-1.0547118733939E-14,-7.99999999999999));
#2993=CARTESIAN_POINT('Origin',(-60.1,-1.36002320516582E-14,-7.99999999999999));
#2994=CARTESIAN_POINT('Origin',(-46.1,-1.0547118733939E-14,-27.05));
#2995=CARTESIAN_POINT('',(-46.1,-1.0547118733939E-14,-27.05));
#2996=CARTESIAN_POINT('',(-46.1,-1.0547118733939E-14,-41.05));
#2997=CARTESIAN_POINT('Origin',(-60.1,-1.36002320516582E-14,-27.05));
#2998=CARTESIAN_POINT('',(-60.1,-1.36002320516582E-14,-27.05));
#2999=CARTESIAN_POINT('Origin',(-60.1,-1.36002320516582E-14,-41.05));
#3000=CARTESIAN_POINT('',(-60.1,-1.36002320516582E-14,-41.05));
#3001=CARTESIAN_POINT('Origin',(-46.1,-1.0547118733939E-14,-41.05));
#3002=CARTESIAN_POINT('Origin',(-27.05,-6.24500451351651E-15,-60.1));
#3003=CARTESIAN_POINT('',(-27.05,-6.24500451351651E-15,-60.1));
#3004=CARTESIAN_POINT('',(-41.05,-9.43689570931383E-15,-60.1));
#3005=CARTESIAN_POINT('Origin',(-27.05,-6.24500451351651E-15,-46.1));
#3006=CARTESIAN_POINT('',(-27.05,-6.24500451351651E-15,-46.1));
#3007=CARTESIAN_POINT('Origin',(-41.05,-9.43689570931383E-15,-46.1));
#3008=CARTESIAN_POINT('',(-41.05,-9.43689570931383E-15,-46.1));
#3009=CARTESIAN_POINT('Origin',(-41.05,-9.43689570931383E-15,-60.1));
#3010=CARTESIAN_POINT('Origin',(-8.00000000000001,-2.08166817117217E-15,
-27.05));
#3011=CARTESIAN_POINT('',(-8.00000000000001,-2.08166817117217E-15,-27.05));
#3012=CARTESIAN_POINT('',(-8.00000000000001,-2.08166817117217E-15,-41.05));
#3013=CARTESIAN_POINT('Origin',(-22.,-5.13478148889135E-15,-27.05));
#3014=CARTESIAN_POINT('',(-22.,-5.13478148889135E-15,-27.05));
#3015=CARTESIAN_POINT('Origin',(-22.,-5.13478148889135E-15,-41.05));
#3016=CARTESIAN_POINT('',(-22.,-5.13478148889135E-15,-41.05));
#3017=CARTESIAN_POINT('Origin',(-8.00000000000001,-2.08166817117217E-15,
-41.05));
#3018=CARTESIAN_POINT('Origin',(-27.05,-6.24500451351651E-15,-7.99999999999999));
#3019=CARTESIAN_POINT('',(-27.05,-6.24500451351651E-15,-7.99999999999999));
#3020=CARTESIAN_POINT('',(-27.05,-6.24500451351651E-15,-22.));
#3021=CARTESIAN_POINT('Origin',(-41.05,-9.43689570931383E-15,-7.99999999999999));
#3022=CARTESIAN_POINT('',(-41.05,-9.43689570931383E-15,-7.99999999999999));
#3023=CARTESIAN_POINT('Origin',(-41.05,-9.43689570931383E-15,-22.));
#3024=CARTESIAN_POINT('',(-41.05,-9.43689570931383E-15,-22.));
#3025=CARTESIAN_POINT('Origin',(-27.05,-6.24500451351651E-15,-22.));
#3026=CARTESIAN_POINT('Origin',(-46.1,-1.0547118733939E-14,-60.1));
#3027=CARTESIAN_POINT('',(-46.1,-1.0547118733939E-14,-60.1));
#3028=CARTESIAN_POINT('',(-60.1,-1.36002320516582E-14,-60.1));
#3029=CARTESIAN_POINT('Origin',(-46.1,-1.0547118733939E-14,-46.1));
#3030=CARTESIAN_POINT('',(-46.1,-1.0547118733939E-14,-46.1));
#3031=CARTESIAN_POINT('Origin',(-60.1,-1.36002320516582E-14,-46.1));
#3032=CARTESIAN_POINT('',(-60.1,-1.36002320516582E-14,-46.1));
#3033=CARTESIAN_POINT('Origin',(-60.1,-1.36002320516582E-14,-60.1));
#3034=CARTESIAN_POINT('Origin',(-41.05,-9.43689570931383E-15,-41.05));
#3035=CARTESIAN_POINT('',(-41.05,-9.43689570931383E-15,-41.05));
#3036=CARTESIAN_POINT('',(-41.05,-9.43689570931383E-15,-27.05));
#3037=CARTESIAN_POINT('Origin',(-27.05,-6.24500451351651E-15,-41.05));
#3038=CARTESIAN_POINT('',(-27.05,-6.24500451351651E-15,-41.05));
#3039=CARTESIAN_POINT('Origin',(-27.05,-6.24500451351651E-15,-27.05));
#3040=CARTESIAN_POINT('',(-27.05,-6.24500451351651E-15,-27.05));
#3041=CARTESIAN_POINT('Origin',(-41.05,-9.43689570931383E-15,-27.05));
#3042=CARTESIAN_POINT('Origin',(-8.00000000000001,-2.08166817117217E-15,
-22.));
#3043=CARTESIAN_POINT('',(-8.00000000000001,-2.08166817117217E-15,-22.));
#3044=CARTESIAN_POINT('',(-22.,-5.13478148889135E-15,-22.));
#3045=CARTESIAN_POINT('Origin',(-8.,-2.08166817117217E-15,-8.));
#3046=CARTESIAN_POINT('',(-8.,-2.08166817117217E-15,-8.));
#3047=CARTESIAN_POINT('Origin',(-22.,-5.13478148889135E-15,-8.));
#3048=CARTESIAN_POINT('',(-22.,-5.13478148889135E-15,-8.));
#3049=CARTESIAN_POINT('Origin',(-22.,-5.13478148889135E-15,-22.));
#3050=CARTESIAN_POINT('Origin',(-42.1401381839713,-14.,-33.987865840676));
#3051=CARTESIAN_POINT('',(-91.1802763679425,-14.,-66.6));
#3052=CARTESIAN_POINT('',(-87.1802763679425,-14.,-70.6));
#3053=CARTESIAN_POINT('Origin',(-87.1802763679425,-14.,-66.6));
#3054=CARTESIAN_POINT('',(-91.1802763679425,-14.,-1.37573168135197));
#3055=CARTESIAN_POINT('',(-91.1802763679425,-14.,-17.681798761014));
#3056=CARTESIAN_POINT('',(-87.1802763679425,-14.,2.62426831864802));
#3057=CARTESIAN_POINT('Origin',(-87.1802763679425,-14.,-1.37573168135198));
#3058=CARTESIAN_POINT('',(2.89999999999999,-14.,2.62426831864802));
#3059=CARTESIAN_POINT('',(-19.6200690919856,-14.,2.62426831864802));
#3060=CARTESIAN_POINT('',(6.9,-14.,-1.37573168135196));
#3061=CARTESIAN_POINT('Origin',(2.9,-14.,-1.37573168135197));
#3062=CARTESIAN_POINT('',(6.9,-14.,-66.6));
#3063=CARTESIAN_POINT('',(6.9,-14.,-50.293932920338));
#3064=CARTESIAN_POINT('',(2.89999999999999,-14.,-70.6));
#3065=CARTESIAN_POINT('Origin',(2.9,-14.,-66.6));
#3066=CARTESIAN_POINT('',(-64.6602072759569,-14.,-70.6));
#3067=CARTESIAN_POINT('',(4.28816184419134,-14.,-2.03790559989512));
#3068=CARTESIAN_POINT('Origin',(2.28816184419134,-14.,-2.03790559989512));
#3069=CARTESIAN_POINT('',(-82.1118381558087,-14.,-66.0779055998951));
#3070=CARTESIAN_POINT('Origin',(-84.1118381558086,-14.,-66.0779055998951));
#3071=CARTESIAN_POINT('',(-82.1118381558087,-14.,-1.57790559989512));
#3072=CARTESIAN_POINT('Origin',(-84.1118381558086,-14.,-1.57790559989512));
#3073=CARTESIAN_POINT('',(4.28816184419134,-14.,-66.0379055998951));
#3074=CARTESIAN_POINT('Origin',(2.28816184419134,-14.,-66.0379055998951));
#3075=CARTESIAN_POINT('Origin',(2.9,-16.,-1.37573168135197));
#3076=CARTESIAN_POINT('',(2.89999999999999,-1.00000000000001,2.62426831864802));
#3077=CARTESIAN_POINT('',(2.9,-16.,2.62426831864803));
#3078=CARTESIAN_POINT('',(6.9,-1.00000000000001,-1.37573168135196));
#3079=CARTESIAN_POINT('Origin',(2.9,-1.00000000000001,-1.37573168135197));
#3080=CARTESIAN_POINT('',(6.9,-16.,-1.37573168135196));
#3081=CARTESIAN_POINT('Origin',(2.9,-16.,2.62426831864803));
#3082=CARTESIAN_POINT('',(-87.1802763679425,-1.00000000000001,2.62426831864802));
#3083=CARTESIAN_POINT('',(-87.1802763679425,-16.,2.62426831864802));
#3084=CARTESIAN_POINT('',(2.9,-1.00000000000001,2.62426831864803));
#3085=CARTESIAN_POINT('Origin',(-87.1802763679425,-16.,-1.37573168135198));
#3086=CARTESIAN_POINT('',(-91.1802763679425,-1.00000000000001,-1.37573168135197));
#3087=CARTESIAN_POINT('',(-91.1802763679425,-16.,-1.37573168135197));
#3088=CARTESIAN_POINT('Origin',(-87.1802763679425,-1.00000000000001,-1.37573168135198));
#3089=CARTESIAN_POINT('Origin',(-91.1802763679425,-16.,-1.37573168135197));
#3090=CARTESIAN_POINT('',(-91.1802763679425,-0.999999999999994,-66.6));
#3091=CARTESIAN_POINT('',(-91.1802763679425,-16.,-66.6));
#3092=CARTESIAN_POINT('',(-91.1802763679425,-1.00000000000001,-1.37573168135197));
#3093=CARTESIAN_POINT('',(-91.1802763679425,-7.00000013411045,-47.5000007450581));
#3094=CARTESIAN_POINT('',(-91.1802763679425,-6.00000007450581,-47.5000007450581));
#3095=CARTESIAN_POINT('',(-91.1802763679425,-10.5000000372529,-47.5000007450581));
#3096=CARTESIAN_POINT('',(-91.1802763679425,-4.00000007450581,-49.5000007450581));
#3097=CARTESIAN_POINT('Origin',(-91.1802763679425,-6.00000007450581,-49.5000007450581));
#3098=CARTESIAN_POINT('',(-91.1802763679425,-4.00000007450581,-56.0000008940697));
#3099=CARTESIAN_POINT('',(-91.1802763679425,-4.00000007450581,-30.6878662877108));
#3100=CARTESIAN_POINT('',(-91.1802763679425,-6.00000007450581,-58.0000008940697));
#3101=CARTESIAN_POINT('Origin',(-91.1802763679425,-6.00000007450581,-56.0000008940697));
#3102=CARTESIAN_POINT('',(-91.1802763679425,-7.00000013411045,-58.0000008940697));
#3103=CARTESIAN_POINT('',(-91.1802763679425,-12.5000000670552,-58.0000008940697));
#3104=CARTESIAN_POINT('',(-91.1802763679425,-9.00000013411045,-56.0000008940697));
#3105=CARTESIAN_POINT('Origin',(-91.1802763679425,-7.00000013411045,-56.0000008940697));
#3106=CARTESIAN_POINT('',(-91.1802763679425,-9.00000013411045,-49.5000007450581));
#3107=CARTESIAN_POINT('',(-91.1802763679425,-9.00000013411045,-25.687866213205));
#3108=CARTESIAN_POINT('Origin',(-91.1802763679425,-7.00000013411045,-49.5000007450581));
#3109=CARTESIAN_POINT('Origin',(-95.1802763679425,-7.00000013411045,-56.0000008940697));
#3110=CARTESIAN_POINT('',(-95.1802763679425,-7.00000013411045,-58.0000008940697));
#3111=CARTESIAN_POINT('',(-95.1802763679425,-9.00000013411045,-56.0000008940697));
#3112=CARTESIAN_POINT('Origin',(-95.1802763679425,-7.00000013411045,-56.0000008940697));
#3113=CARTESIAN_POINT('',(-95.1802763679425,-9.00000013411045,-56.0000008940697));
#3114=CARTESIAN_POINT('',(-95.1802763679425,-7.00000013411045,-58.0000008940697));
#3115=CARTESIAN_POINT('Origin',(-95.1802763679425,-9.00000013411045,-50.0000007450581));
#3116=CARTESIAN_POINT('',(-95.1802763679425,-9.00000013411045,-49.5000007450581));
#3117=CARTESIAN_POINT('',(-95.1802763679425,-9.00000013411045,-58.300000372529));
#3118=CARTESIAN_POINT('',(-95.1802763679425,-9.00000013411045,-49.5000007450581));
#3119=CARTESIAN_POINT('Origin',(-95.1802763679425,-7.00000013411045,-49.5000007450581));
#3120=CARTESIAN_POINT('',(-95.1802763679425,-7.00000013411045,-47.5000007450581));
#3121=CARTESIAN_POINT('Origin',(-95.1802763679425,-7.00000013411045,-49.5000007450581));
#3122=CARTESIAN_POINT('',(-95.1802763679425,-7.00000013411045,-47.5000007450581));
#3123=CARTESIAN_POINT('Origin',(-95.1802763679425,-5.00000007450581,-47.5000007450581));
#3124=CARTESIAN_POINT('',(-95.1802763679425,-6.00000007450581,-47.5000007450581));
#3125=CARTESIAN_POINT('',(-95.1802763679425,-10.5000000372529,-47.5000007450581));
#3126=CARTESIAN_POINT('',(-95.1802763679425,-6.00000007450581,-47.5000007450581));
#3127=CARTESIAN_POINT('Origin',(-95.1802763679425,-6.00000007450581,-49.5000007450581));
#3128=CARTESIAN_POINT('',(-95.1802763679425,-4.00000007450581,-49.5000007450581));
#3129=CARTESIAN_POINT('Origin',(-95.1802763679425,-6.00000007450581,-49.5000007450581));
#3130=CARTESIAN_POINT('',(-95.1802763679425,-4.00000007450581,-49.5000007450581));
#3131=CARTESIAN_POINT('Origin',(-95.1802763679425,-4.00000007450581,-60.0000008940697));
#3132=CARTESIAN_POINT('',(-95.1802763679425,-4.00000007450581,-56.0000008940697));
#3133=CARTESIAN_POINT('',(-95.1802763679425,-4.00000007450581,-63.3000004470348));
#3134=CARTESIAN_POINT('',(-95.1802763679425,-4.00000007450581,-56.0000008940697));
#3135=CARTESIAN_POINT('Origin',(-95.1802763679425,-6.00000007450581,-56.0000008940697));
#3136=CARTESIAN_POINT('',(-95.1802763679425,-6.00000007450581,-58.0000008940697));
#3137=CARTESIAN_POINT('Origin',(-95.1802763679425,-6.00000007450581,-56.0000008940697));
#3138=CARTESIAN_POINT('',(-95.1802763679425,-6.00000007450581,-58.0000008940697));
#3139=CARTESIAN_POINT('Origin',(-95.1802763679425,-9.00000013411045,-58.0000008940697));
#3140=CARTESIAN_POINT('',(-95.1802763679425,-12.5000000670552,-58.0000008940697));
#3141=CARTESIAN_POINT('Origin',(6.89999999999999,-16.,-66.6));
#3142=CARTESIAN_POINT('',(6.9,-0.999999999999994,-66.6));
#3143=CARTESIAN_POINT('',(6.89999999999999,-0.999999999999994,-66.6));
#3144=CARTESIAN_POINT('',(6.89999999999999,-16.,-66.6));
#3145=CARTESIAN_POINT('Origin',(2.9,-16.,-66.6));
#3146=CARTESIAN_POINT('',(2.89999999999999,-0.999999999999992,-70.6));
#3147=CARTESIAN_POINT('Origin',(2.9,-0.999999999999994,-66.6));
#3148=CARTESIAN_POINT('',(2.89999999999999,-16.,-70.6));
#3149=CARTESIAN_POINT('Origin',(-87.1802763679425,-16.,-70.6));
#3150=CARTESIAN_POINT('',(-87.1802763679425,-0.999999999999992,-70.6));
#3151=CARTESIAN_POINT('',(-87.1802763679425,-0.999999999999992,-70.6));
#3152=CARTESIAN_POINT('',(-87.1802763679425,-16.,-70.6));
#3153=CARTESIAN_POINT('Origin',(-87.1802763679425,-16.,-66.6));
#3154=CARTESIAN_POINT('Origin',(-87.1802763679425,-0.999999999999994,-66.6));
#3155=CARTESIAN_POINT('Origin',(-87.1802763679425,-16.,6.62426831864803));
#3156=CARTESIAN_POINT('',(2.9,-16.,6.62426831864803));
#3157=CARTESIAN_POINT('',(-87.1802763679425,-16.,6.62426831864802));
#3158=CARTESIAN_POINT('',(2.9,-16.,6.62426831864803));
#3159=CARTESIAN_POINT('',(2.89999999999999,-1.00000000000001,6.62426831864803));
#3160=CARTESIAN_POINT('',(2.9,-16.,6.62426831864803));
#3161=CARTESIAN_POINT('',(-87.1802763679425,-1.00000000000001,6.62426831864802));
#3162=CARTESIAN_POINT('',(2.9,-1.00000000000001,6.62426831864803));
#3163=CARTESIAN_POINT('',(-87.1802763679425,-16.,6.62426831864802));
#3164=CARTESIAN_POINT('Origin',(-87.1802763679425,-16.,-1.37573168135198));
#3165=CARTESIAN_POINT('',(-95.1802763679425,-16.,-1.37573168135197));
#3166=CARTESIAN_POINT('Origin',(-87.1802763679425,-16.,-1.37573168135198));
#3167=CARTESIAN_POINT('',(-95.1802763679425,-1.00000000000001,-1.37573168135197));
#3168=CARTESIAN_POINT('Origin',(-87.1802763679425,-1.00000000000001,-1.37573168135198));
#3169=CARTESIAN_POINT('',(-95.1802763679425,-16.,-1.37573168135197));
#3170=CARTESIAN_POINT('Origin',(-95.1802763679425,-16.,-66.6));
#3171=CARTESIAN_POINT('',(-95.1802763679425,-16.,-66.6));
#3172=CARTESIAN_POINT('',(-95.1802763679425,-16.,-1.37573168135197));
#3173=CARTESIAN_POINT('',(-95.1802763679425,-0.999999999999994,-66.6));
#3174=CARTESIAN_POINT('',(-95.1802763679425,-1.00000000000001,-1.37573168135197));
#3175=CARTESIAN_POINT('',(-95.1802763679425,-16.,-66.6));
#3176=CARTESIAN_POINT('Origin',(-87.1802763679425,-16.,-66.6));
#3177=CARTESIAN_POINT('',(-87.1802763679425,-16.,-74.6));
#3178=CARTESIAN_POINT('Origin',(-87.1802763679425,-16.,-66.6));
#3179=CARTESIAN_POINT('',(-87.1802763679425,-0.999999999999992,-74.6));
#3180=CARTESIAN_POINT('Origin',(-87.1802763679425,-0.999999999999994,-66.6));
#3181=CARTESIAN_POINT('',(-87.1802763679425,-16.,-74.6));
#3182=CARTESIAN_POINT('Origin',(2.89999999999999,-16.,-74.6));
#3183=CARTESIAN_POINT('',(2.89999999999999,-16.,-74.6));
#3184=CARTESIAN_POINT('',(-87.1802763679425,-16.,-74.6));
#3185=CARTESIAN_POINT('',(2.89999999999999,-0.999999999999994,-74.6));
#3186=CARTESIAN_POINT('',(-87.1802763679425,-0.999999999999992,-74.6));
#3187=CARTESIAN_POINT('',(2.89999999999999,-16.,-74.6));
#3188=CARTESIAN_POINT('Origin',(2.9,-16.,-66.6));
#3189=CARTESIAN_POINT('',(10.9,-16.,-66.6));
#3190=CARTESIAN_POINT('Origin',(2.9,-16.,-66.6));
#3191=CARTESIAN_POINT('',(10.9,-0.999999999999994,-66.6));
#3192=CARTESIAN_POINT('Origin',(2.9,-0.999999999999994,-66.6));
#3193=CARTESIAN_POINT('',(10.9,-16.,-66.6));
#3194=CARTESIAN_POINT('Origin',(10.9,-16.,-1.37573168135196));
#3195=CARTESIAN_POINT('',(10.9,-16.,-1.37573168135196));
#3196=CARTESIAN_POINT('',(10.9,-16.,-66.6));
#3197=CARTESIAN_POINT('',(10.9,-1.00000000000001,-1.37573168135196));
#3198=CARTESIAN_POINT('',(10.9,-0.999999999999994,-66.6));
#3199=CARTESIAN_POINT('',(10.9,-16.,-1.37573168135196));
#3200=CARTESIAN_POINT('Origin',(2.9,-16.,-1.37573168135197));
#3201=CARTESIAN_POINT('Origin',(2.9,-16.,-1.37573168135197));
#3202=CARTESIAN_POINT('Origin',(2.9,-1.00000000000001,-1.37573168135197));
#3203=CARTESIAN_POINT('Origin',(-42.1401381839713,-1.,-33.987865840676));
#3204=CARTESIAN_POINT('Origin',(-42.1401381839713,-16.,-33.987865840676));
#3205=CARTESIAN_POINT('Origin',(2.28816184419134,-8.37989412638018,-66.0379055998951));
#3206=CARTESIAN_POINT('',(2.28816184419134,-8.,-67.3024055998951));
#3207=CARTESIAN_POINT('Origin',(2.28816184419134,-8.,-66.0379055998951));
#3208=CARTESIAN_POINT('',(2.28816184419134,-8.75978825276035,-66.0379055998951));
#3209=CARTESIAN_POINT('',(2.28816184419134,-8.37989412638018,-66.6701555998951));
#3210=CARTESIAN_POINT('Origin',(2.28816184419134,-6.,-66.0379055998951));
#3211=CARTESIAN_POINT('',(2.28816184419134,-3.4,-67.3024055998951));
#3212=CARTESIAN_POINT('Origin',(2.28816184419134,-3.4,-66.0379055998951));
#3213=CARTESIAN_POINT('',(2.28816184419134,-6.,-67.3024055998951));
#3214=CARTESIAN_POINT('Origin',(2.28816184419134,-14.6,-66.0379055998951));
#3215=CARTESIAN_POINT('',(4.28816184419134,-3.4,-66.0379055998951));
#3216=CARTESIAN_POINT('Origin',(2.28816184419134,-3.4,-66.0379055998951));
#3217=CARTESIAN_POINT('',(4.28816184419134,-14.6,-66.0379055998951));
#3218=CARTESIAN_POINT('Origin',(2.28816184419134,-3.4,-66.0379055998951));
#3219=CARTESIAN_POINT('Origin',(-84.1118381558086,-8.37989412638018,-1.57790559989512));
#3220=CARTESIAN_POINT('',(-84.1118381558086,-8.,-2.84240559989512));
#3221=CARTESIAN_POINT('Origin',(-84.1118381558086,-8.,-1.57790559989512));
#3222=CARTESIAN_POINT('',(-84.1118381558086,-8.75978825276035,-1.57790559989512));
#3223=CARTESIAN_POINT('',(-84.1118381558086,-8.37989412638018,-2.21015559989512));
#3224=CARTESIAN_POINT('Origin',(-84.1118381558086,-6.,-1.57790559989512));
#3225=CARTESIAN_POINT('',(-84.1118381558086,-3.4,-2.84240559989512));
#3226=CARTESIAN_POINT('Origin',(-84.1118381558086,-3.4,-1.57790559989512));
#3227=CARTESIAN_POINT('',(-84.1118381558086,-6.,-2.84240559989512));
#3228=CARTESIAN_POINT('Origin',(-84.1118381558086,-14.6,-1.57790559989512));
#3229=CARTESIAN_POINT('',(-82.1118381558087,-3.4,-1.57790559989512));
#3230=CARTESIAN_POINT('Origin',(-84.1118381558086,-3.4,-1.57790559989512));
#3231=CARTESIAN_POINT('',(-82.1118381558087,-14.6,-1.57790559989512));
#3232=CARTESIAN_POINT('Origin',(-84.1118381558086,-3.4,-1.57790559989512));
#3233=CARTESIAN_POINT('Origin',(-84.1118381558086,-8.37989412638018,-66.0779055998951));
#3234=CARTESIAN_POINT('',(-84.1118381558086,-8.,-67.3424055998951));
#3235=CARTESIAN_POINT('Origin',(-84.1118381558086,-8.,-66.0779055998951));
#3236=CARTESIAN_POINT('',(-84.1118381558086,-8.75978825276035,-66.0779055998951));
#3237=CARTESIAN_POINT('',(-84.1118381558086,-8.37989412638018,-66.7101555998951));
#3238=CARTESIAN_POINT('Origin',(-84.1118381558086,-6.,-66.0779055998951));
#3239=CARTESIAN_POINT('',(-84.1118381558086,-3.4,-67.3424055998951));
#3240=CARTESIAN_POINT('Origin',(-84.1118381558086,-3.4,-66.0779055998951));
#3241=CARTESIAN_POINT('',(-84.1118381558086,-6.,-67.3424055998951));
#3242=CARTESIAN_POINT('Origin',(-84.1118381558086,-14.6,-66.0779055998951));
#3243=CARTESIAN_POINT('',(-82.1118381558087,-3.4,-66.0779055998951));
#3244=CARTESIAN_POINT('Origin',(-84.1118381558086,-3.4,-66.0779055998951));
#3245=CARTESIAN_POINT('',(-82.1118381558087,-14.6,-66.0779055998951));
#3246=CARTESIAN_POINT('Origin',(-84.1118381558086,-3.4,-66.0779055998951));
#3247=CARTESIAN_POINT('Origin',(2.28816184419134,-8.37989412638018,-2.03790559989512));
#3248=CARTESIAN_POINT('',(2.28816184419134,-8.,-3.30240559989512));
#3249=CARTESIAN_POINT('Origin',(2.28816184419134,-8.,-2.03790559989512));
#3250=CARTESIAN_POINT('',(2.28816184419134,-8.75978825276035,-2.03790559989512));
#3251=CARTESIAN_POINT('',(2.28816184419134,-8.37989412638018,-2.67015559989512));
#3252=CARTESIAN_POINT('Origin',(2.28816184419134,-6.,-2.03790559989512));
#3253=CARTESIAN_POINT('',(2.28816184419134,-3.4,-3.30240559989512));
#3254=CARTESIAN_POINT('Origin',(2.28816184419134,-3.4,-2.03790559989512));
#3255=CARTESIAN_POINT('',(2.28816184419134,-6.,-3.30240559989512));
#3256=CARTESIAN_POINT('Origin',(2.28816184419134,-14.6,-2.03790559989512));
#3257=CARTESIAN_POINT('',(4.28816184419134,-3.4,-2.03790559989512));
#3258=CARTESIAN_POINT('Origin',(2.28816184419134,-3.4,-2.03790559989512));
#3259=CARTESIAN_POINT('',(4.28816184419134,-14.6,-2.03790559989512));
#3260=CARTESIAN_POINT('Origin',(2.28816184419134,-3.4,-2.03790559989512));
#3261=UNCERTAINTY_MEASURE_WITH_UNIT(LENGTH_MEASURE(0.01),#3265,
'DISTANCE_ACCURACY_VALUE',
'Maximum model space distance between geometric entities at asserted c
onnectivities');
#3262=UNCERTAINTY_MEASURE_WITH_UNIT(LENGTH_MEASURE(0.01),#3265,
'DISTANCE_ACCURACY_VALUE',
'Maximum model space distance between geometric entities at asserted c
onnectivities');
#3263=(
GEOMETRIC_REPRESENTATION_CONTEXT(3)
GLOBAL_UNCERTAINTY_ASSIGNED_CONTEXT((#3261))
GLOBAL_UNIT_ASSIGNED_CONTEXT((#3265,#3267,#3268))
REPRESENTATION_CONTEXT('','3D')
);
#3264=(
GEOMETRIC_REPRESENTATION_CONTEXT(3)
GLOBAL_UNCERTAINTY_ASSIGNED_CONTEXT((#3262))
GLOBAL_UNIT_ASSIGNED_CONTEXT((#3265,#3267,#3268))
REPRESENTATION_CONTEXT('','3D')
);
#3265=(
LENGTH_UNIT()
NAMED_UNIT(*)
SI_UNIT(.MILLI.,.METRE.)
);
#3266=(
LENGTH_UNIT()
NAMED_UNIT(*)
SI_UNIT($,.METRE.)
);
#3267=(
NAMED_UNIT(*)
PLANE_ANGLE_UNIT()
SI_UNIT($,.RADIAN.)
);
#3268=(
NAMED_UNIT(*)
SI_UNIT($,.STERADIAN.)
SOLID_ANGLE_UNIT()
);
#3269=SHAPE_DEFINITION_REPRESENTATION(#3270,#3271);
#3270=PRODUCT_DEFINITION_SHAPE('',$,#3273);
#3271=SHAPE_REPRESENTATION('',(#1993),#3263);
#3272=PRODUCT_DEFINITION_CONTEXT('part definition',#3277,'design');
#3273=PRODUCT_DEFINITION('2026-09-17-14-27-11-259','macroplate',#3274,#3272);
#3274=PRODUCT_DEFINITION_FORMATION('',$,#3279);
#3275=PRODUCT_RELATED_PRODUCT_CATEGORY('macroplate','macroplate',(#3279));
#3276=APPLICATION_PROTOCOL_DEFINITION('international standard',
'automotive_design',2009,#3277);
#3277=APPLICATION_CONTEXT(
'Core Data for Automotive Mechanical Design Process');
#3278=PRODUCT_CONTEXT('part definition',#3277,'mechanical');
#3279=PRODUCT('2026-09-17-14-27-11-259','macroplate',$,(#3278));
#3280=PRESENTATION_STYLE_ASSIGNMENT((#3282));
#3281=PRESENTATION_STYLE_ASSIGNMENT((#3283));
#3282=SURFACE_STYLE_USAGE(.BOTH.,#3284);
#3283=SURFACE_STYLE_USAGE(.BOTH.,#3285);
#3284=SURFACE_SIDE_STYLE('',(#3286));
#3285=SURFACE_SIDE_STYLE('',(#3287));
#3286=SURFACE_STYLE_FILL_AREA(#3288);
#3287=SURFACE_STYLE_FILL_AREA(#3289);
#3288=FILL_AREA_STYLE('Steel - Satin',(#3290));
#3289=FILL_AREA_STYLE('Nylon 12 (with Formlabs Fuse 1 3D Printer)',(#3291));
#3290=FILL_AREA_STYLE_COLOUR('Steel - Satin',#3292);
#3291=FILL_AREA_STYLE_COLOUR(
'Nylon 12 (with Formlabs Fuse 1 3D Printer)',#3293);
#3292=COLOUR_RGB('Steel - Satin',0.627450980392157,0.627450980392157,0.627450980392157);
#3293=COLOUR_RGB('Nylon 12 (with Formlabs Fuse 1 3D Printer)',0.247058823529412,
0.247058823529412,0.247058823529412);
ENDSEC;
END-ISO-10303-21;
